aajo	ridículo	hospitality
aala	frontera	border
aanu	compasión	compassion
aapon	aapon	bachelor or spinster (bachelorette)
aare	aare	president
aawe	parálisis	fasting
abala	la parte	division
abeikojopo	heredera	subset
abeorile	regreso a casa	nation
abesahara	espolvorear	under the sahara
abidi	alfabeto	abidi
abidjan	nunca	abidjan
abo	femenino	security
aburunmu	nuestra abominación	reduced in value, diminished
abálájo	experimentado	that is why
abé	aguja	under
abínibí	nacionalidad	inborn
abúléko	pueblo	village
accra	accra	accra
adaba	conveniente	factor
adabaye	todo bien	previously-existing
adarihunrun	limpiador	human
addis	addis	addis
adeda	naturaleza	creator
adiokan	solitario	stubbornness
adágbà	mayor	adagba
adúgbò kútò	vecinos en la calle	kuto area
adúgbò mókóla	mucocula	mokola area
adúgbò quarry	vecinos de la cantera	neighborhood
adúgbò ìdí	razones del vecindario	area
afida	la familia	element
afomo	por ejemplo	cleansing
afoyemo	sinopsis	abstract
africa	áfrica	africa
african	africano	ara afrika
africans	africanos	africans
aféfé	molino	air
agba	pintar	principal
agbado	maíz	maize
agbara	poder	power
agbaye	el mundo	world
agbeinadie	tierras de cultivo	semi-conductor
agbà	un adulto	adult
agbàbò	protector	adopted child
agbára	poder	power
agbéiná	bombero	conductor
agio	llorar	agio
aintimulo	aintimulo	un-exploited
aisi	carencia	lack
ajagun	un perro	ajagun
aje	economía	trade
ajemoroyin	interrogatorio	reporting
ajibola	agenda	ajibola
ajo	viaje	firms
ajoro	viaje	discussion
ajọra	réplica	resemblance
akiidah	coridah	(non-standard yoruba, this maybe from benin)
akinpelu	artillería	akinpelu
akokolo	período	period
akole	no podemos	title
akoni	no tenemos	teacher
akopa	primero y ante todo	participant
akopo	compilacion	assembly
akátá	chacal	african american
akíkanjú	valiente	courageous
akíngbógun	batallón	akingbogun
akẹ́kọ̀ọ́	estudiante	students
ala	abajo	limit
alaabo	discapacitado	protection
alaadanida	no deseado	individual
alaafia	paz	peace
alaafin	ilegítimo	alaafin
aladaani	privado	privately-owned
aladani	privado	self-owned
aladanida	arbitrario	private
alaidogba	desequilibrado	unequal
alaigbara	irresistible	neutron
alaini	necesitado	the poor
alakitiyan	activista	activist
alakobere	principiante	primary
alalaye	terroso	explanatory
alawose	adivinación	mentor
albany	albany	albany
albert	albert	albert
alexandra	alexandra	alexandra
alicia	alicia	alicia
allāh	alá	allah
alominira	independencia	independent
alpha	alfa	alpha
alubàbá	padre	drummer
alukuraani	corán	quran
alumoni	curativo	minerals
alumíníọ̀mù	aluminio	aluminium
alákọ̀bẹ̀rẹ̀	iniciador	primary education
alápapò	reemplazo	general
alátise	artista	alatise
aláyèwò	inspector	expert
aláísàn	enfermo	the sick
alúwo	auge	traditional cults
alọ́po	billetera	tied
amazonas	amazonas	amazonas
americas	americas	americas
amerika	america	america
amojeoyipada	convertible	reform
amosi	mezquita	amos
améríkà	americano	america
améríkà	americano	america
an	un	him
anabi	el profeta	prophet
anc	congreso nacional africano	anc
andaman	andman	andaman
angkor	angkor	angkor
anita	anita	anita
anschluss	anschluss	anschluss
apagusu	el sur	southern
apaguusuilaorun	sur oeste	south-western
apaguusuiwoorun	sur oeste	part of the south
apailaorun	amanecer	east side
apaiwoorun	occidental	eastern side
aparapo	combinación	confederation
apeja	pescador	fisherman
apeere	por ejemplo	example
apis	apis	apis
apòmù	delantal	apomu
apẹ̀rè	delantal	example
arabu	árabe	arab
aralíle	tropical	healthy body
arinkankan	éste	nationalist
ariso	aris	oral tradition
ariwaarin	el medio oriente	mid-north
ariwaguusu	del suroeste	north-south
arkansas	arkansas	arkansas
aroko	vegetación	composition
aruleyin	hola	carried on the back
arun	enfermedad	disease
aryan	el aryan	aryan
aráa	hermano	people from
arábíà	alfabético	arabia
aráròmí	hola	araromi
arópò	soborno	substitute
arúgbó	vejez	elderly
arọ	cojo	cripple
asagun	victoria	intial, first (referring to the 13 colonies)
ascii	descubrir	ascii
aseeto	asentamiento	unfair
aseyori	éxito	success
asipa	desviación	first to kill
assessment	evaluación	ayewo
asìko	disparates	time; ni asiko=when
asèdá	lo natural	origination
atangbona	átomo	emission
atanna	átomo	emitter
atigba	admisible	from time
atimo	plan	inland
atinrin	riendo	thin
atun	rebobinar	also
atunse	corrección	revision
australia	australia	australia
austriahumgary	austriaumgary	austria-hungary
austronesian	austronesio	austronesian
austríà	australia	austria
avar	avar	avar
awari	descubrimiento	discovery
awo	plato	of
awonara	emoción	people of
awoòn	modelo	people
awon	ellos	they
awuruju	mágico	shady
awùjo	cortesía	society
awújẹ	escándalo	root
aya	verso	chest
ayeye	eternidad	celebration
ayàfi	está bien	only if
ayò	sí	game
azikiwe	sentido común	azikwe
aṣòkan	individual	united
baa	es	be with
babaláwo	el adivino	herbalist
bahrain	bahrein	bahrain
balẹ̀	déjalo ser	settled
bang	explosión	bang
banle	banle	banle
bara	el año pasado	themselves
bauxitealumina	bauxitealumina	bauxite/aluminum
bayelsa	bayelsa	beyelsa
bayi	ahora	like this
bayìí	ahora	this
bce	lejos	bce
beauharnais	beauharnais	beauharnais
beijing	beijing	beijing
belarus	bielorrusia	belarus
belgium	bélgica	belgium
bengal	bengala	bengal
bengali	bengalí	bengal
benin	banco	benin
berber	beréber	berber
berlin	berlina	berlin
bernstein	bernstein	bernstein
bharat	bharat	bharat
bharata	vuelve	bharata
bibeli	biblia	bible
biribiri	fue aplastado	intense
black	negro	dudu
bodies	cuerpos	ara
bojú	echar un vistazo	take care
bole	tronco	ground
bolt	tornillo	bolt
bolívar	bolívar	bolivar
brasil	brasil	brazil
brazzaville	brazzaville	brazzaville
bridgeport	bridgeport	bridgeport
britain	bretaña	britain
brítánì	británico	britain
bu	es decir	give
buenaventura	buenaventura	buenaventura
bujumbura	expandido	bujumbura
burúkú	mal	bad
by	por	does not translate directly, does not exist
bàbá	el padre	father
bákannáà	también	likewise
bálè	globo	lying on the ground
bárakú	adiccion	habitual
báyìí	ahora	this
bèrẹ̀	para empezar	started
béè	así	than
bòtswánà	el autobús	botswana
búburú	malo	bad
búrú	sé valiente	wicked
bẹ̀rẹ̀	para empezar	started
bẹ́	rompió	also
bẹ́ljíọ̀m	berilo	belgium
bẹ́ẹ̀ni	si	yes
bẹ́ẹ̀sìni	si	that is it
cairo	rabia	cairo
calabar	chicle	calabar
canaria	canaria	canaria
cape	capa	cape
casablanca	casablanca	casablanca
caslon	casino	caslon
cathedral	catedral	cathedral (katidral)
catherine	catherine	catherine
cauchy	cauchy	cauchy
cbc	cbc	cbc
chamorro	chamorro	chamorro
charles	charles	charles
chaskalson	chaskalson	chaskalson
chebbi	pensar	chebbi
cherished	querido	mu lokunkundun
china	china	china
cipollone	cipollona	cipollone
clear	claro	danmanran
code	código	code
coetsee	coetsee	coetese
coloured	de colores	alawo dudu
coming	viniendo	yo jade
compared	comparado	does not directly translate
computers	ordenadores	komputa, ero ayarabiasa
csto	csto	csto
ct	connecticut	ct
cunha	garganta	cunha
da	y	back; but in this form it is unnecessary
dagbasoke	crecer	developing
dandan	obligatorio	a must
dani	participación	hand-held
darapo	unirse	joinedd
daru	destruir	scattered
dates	fechas	pada si
delhi	no haga	delhi
denver	denver	denver
des	des	des
describes	describe	se apejuwe (apejuwe=description; se prefix makes it a verb)
desmond	desmond	desmond
development	desarrollo	idagbasoke
didagba	igualdad	growing
didasile	establecimiento	established
different	diferente	iyato
din	freír	reduced
dinwoju	buscar	suitable
divoire	divoire	d'ivoire
doju	cara a cara	face
dojú	cara a cara	turn face (full phrase is doju ko, to face)
dominic	dominic	dominic
doni	doni	this day
dote	adorar	rebel
doublehelix	doble hélice	hiliksi abara meji
doublestrand	doble cadena	double-strand
dover	dover	dova
du	du	hustle
due	debido a	nitori
dun	sabroso	sound
dàbíi	me gusta esto	like
dàpò	sustituirlos	mix
dá	creado	intervene
dágbó	vejez	forest
dájó	bien	pass judgement
dálóríi	gracias	about
dáradára	bien	well
dásà	una casa	peculiar way of saying
dáwó	donar	undertake
dé	llegado	reach
délànà	en principio	delana
dépò	en la medida	to a position
dì	sábana	be
dìde	surgir	stand
dìró	a la derecha	hang on
dìtẹ̀	conspirar	rebel
díè	tiempo	few
dóko	bueno	upstanding
dólà	bien	dollar
dún	sonido	sound
dúró	pararse	stand (been in existence)
dọ́gba	igual	equal
ea	si	ea
eba	eba	shore
ebi	familia	family
ecomog	ecomog	ecomog
ede	idioma	language
efrem	effem	efrem
egba	absolutamente	cane
egbe	pistola	group
egberundun	mil años	a thousand year
egbo	una herida	brother
egbé	aflicción	party
egbò	una herida	chemicals
egbògi	médico	don't know this
eighteen	dieciocho	ejidinlogun
eka	complejo	branch, department, part
ekeji	el otro	second
eko	educación	lagos
elede	cerdos	speaker
eleyi	esta	this
eleyii	me gusta esto	this
elláda	creación	ellada
eléde	resumen	pig
eléré	atleta	performer
elòmírà	las algas	freedom
elòmíràn	otro	another person
emerging	emergente	ibere-pese
emmanuel	emmanuel	emmanuel
enikéni	todo el mundo	whoever
enter	entrar	wole
enì	elefante	person
eníbá	fiebre	such person
epa	maní	groundnut
ernst	ernst	ernst
erofo	sedimento	swamp
erékùsù	isla	island
eréonítàn	acrónimo	written play
eseese	diagrama	step by step
esia	está viniendo	asia
esteri	esteri	ester
etisalat	etisalat	etisalat
etymologiae	etymologiae	etymologiae
etíòkun	la costa	beach
euro	euro	euro
euroasia	euroasia	uro-esia
ewe	hoja	ewe
ewé	hoja	leaf
ewì	poesía	traditional poem
example	ejemplo	apere
eya	categoría	tribe
eyin	huevos	previous
eyonomba	eyonomba	digit
eléja	pescar	fisherman
elòmíràn	alguien más	another person
eka	efecto	branches
eléyàmèyà	etnicidad	tribalism
enu	boca	mouth
esin	religión	horse
esè	producto	leg
ewà	de conducta	beauty
fagile	cancelado	cancel
fail	fallar	padanu
fan	ventilador	spread
faramó	adherirse a	accept
faranse	francés	french
farsi	arti	farsi
felifeli	terciopelo	fuming
ferde	ferde	verde
fesèmúlè	fuente provisional	established
fe	querido	want
fi	salvar	by
fifihan	demostración	revealed
fihan	indicado	shows, to show
fimú	claramente definido	captivate with
finiki	física	finiki
finlandi	finlandia	finland
fitino	juicio	judgement
five	cinco	marun
fodio	fodio	fodio
fofinde	prohibición	prohibited
fohùn	gritar	consent
foniimu	película	phoneme
force	fuerza	agbara
foriko	por ejemplo	agreed
fourbase	fourbase	onidi-merin
fowobowe	reserva	signed
fowó	por dinero	sign
fracmv	fracmv	does not translate
francis	francis	francis
fransi	francés	france
freetown	freetown	freetown
fuji	eliminar	fuji
fulani	cobardemente	fulani
fulbe	ful	fulbe
fun	para	for
funra	sí mismo	suspect
further	más lejos	si
fé	fé	like
fé	fé	want
fégbé	olvídalo	for peers
fífò	volador	jumping
fífún	dando	giving
fòye	entender	rationalise
fẹ́rẹ̀ẹ́	casi	nearly
galatia	esta vez	galatia
gba	de acuerdo	accept
gbajúgbujà	es muy popular	popular
gbale	popularidad	flourished
gbaná	salir	engulf in flame/rage
gbe	llevar	set up
gbera	siga adelante	move
gberasoke	acelerar	rising
gbese	deuda	debt
gbigbamulo	explotación	adopted
gbigbewo	financiación	examined
gbilè	fugarse	gaining ground
gbin	plantado	farm
gbogbogbo	general	general
gbongbo	raíz	root
gbàgbọ́	creer	believe
gbàgùrà	sacudió	gbagura
gbá	aplastar	received
gbáradì	levántate	prepare
gbé	en vivo	convey
gbédìí	establecer	respect
gbékalè	carpintero	establish
gbéni	en vivo	lift
gbéyèwò	revisión	examine
gbésè	oferta	die
gbìnyànjú	tratar	endeavour
gbìyànju	intenta fuerte	try
gbódò	debe	must
gbónmisi	ley	strife
gbúnùn	huelelo	hostile
gbọ́dọ̀	debe	must
geesi	inglés	english
geneva	ginebra	geneva
genevieve	genevieve	genevieve
georgia	georgia	georgia
german	alemán	german
gfaj	gfaj	gfaj
ghana	ghana	ghana
gidigidi	muy	significantly
gidí	casa	real
goemai	goemai	goemai
gomina	gobernador	governor
gorgina	el águila	gorgina
gquadruplex	gquadruplex	g-gigalonomerin
grammy	grammy	grammy
griiki	griego	greek
groove	ranura	iho
guanínì	guanni	guanine
guinea	guinea	guinea
guineabissau	guineabissau	guinea bissau
guinébissau	guinébissau	guinea bissau
gun	largo	stretch
gunle	pistola	arrive
guusu	sur	south
gv	gv	gv
gèésì	pegamento	english
gèésì	joya	english
gégé	de verdad	like
gírámà	abuelo	grammar
gòkè	subir	climb
gún	perforado	properly
gúúsù	sur	south
gẹ̀ẹ́sì	inglés	english
habsburg	habsburg	habsburg
haggai	guía	haggai
haiti	haití	haiti
halomonadaceae	halomonadaceae	halomonadaceae
hard	difícil	lile
haughton	haughton	haughton
hausafulani	hausafulani	hausa fulani
hawaii	hawai	hawaii
heinrich	heinrich	heinrich
hendu	caramelo	hendu
henny	henny	henny
heraklion	heraklion	heraklion
hesse	convenido	hesse
him	él	un, this term is sexless
hindu	hindu	hindu
histoni	histoni	histones
hominidae	hominidae	hominidae
hosea	hosea	hosea
hp	hp	hp
hugh	hugh	hugh
hun	huno	knit
hungari	inanición	hungary
hv	hv	hv
ibalo	asunto	relationship
ibarepo	asociación	friendship
ibeji	gemelos	twins
ibewo	ha llegado	visit
ibiamusin	santuario	colony
ibile	tradicional	municipality
ibimo	nacimiento	birth
ibise	rutina de ejercicio	official
ibiti	lugares	where
ibn	ibn	ibn
ibojì	tumba	burial ground
ibori	velo	conquest
ibujoko	banco	place of abode
ibuseripadabosi	reubicación	eternity
ibuso	luchar	bus stop
ibùdó	acampar	settlement, seat of, area,
ibùjókòó	asientos	settlement
iceland	islandia	iceland
idagbasoke	desarrollo	development
idagbe	negligencia	isolation
idaji	medio	half
idajo	justicia	judgement
idamita	dibujar	sector
idari	control s	control
ideraa	escribir	comfort
idimule	arrestar	establishment
idoma	dibujo	idoma
idupe	gracias	thanksgiving
idánwò	juicio	examination
ifija	pescar	weapon
ifilole	lanzamiento	resolution
ifitonileti	información	reporting
ifobaje	corrupción	coronating
ifofinde	congreso	prohibition
ifriqiya	estímulo	ifriqiya
igbeduro	preparación	institute
igbegun	victoria	declaration of war
igberiko	suburbano	region
igbesoke	potenciar	upliftment
igbeyawo	boda	marriage
igbowolori	costoso	inflation
igbá	pollo	shell
igbáẹ̀yìn	el último	shell
igitòròmogbè	banda ancha	willow tree
ihan	a aparecer	ray
ihinrere	evangelio	gospel
ijagun	lucha	war
ijakadi	dificil	wrestling
ijaya	pánico	fear
ije	movimiento	eating
ijinnasi	física	the wind open
ijosin	adoración	worship
ijó	bailando	dance
ikan	uno	one of
ikandinlogun	dieciocho	nineteen
ikaowo	el respeto	finger
ikejidinlogun	dieciocho	eighteen
ikeko	compilacion	education
ikerin	el cuarto	fourth
iketa	heredar	third
ikoenu	ahorrar	union
ikojopo	acumulación	collection
ikoreokere	cosecha	migration
iku	muerte	death
ikúgbaèyí	ahora	death-has-this
ikún	relleno	squirrel or wild rodent
ilagbolojo	publicidad	latitude
ilana	procedimiento	procedure
ilanaoye	estrategias	knowledge procedure
ilaodo	proteger	cana
ilaorun	amanecer	west
ileasofin	legislativo	house of law,
ilegiga	hogar	higher ground or higher plain
ileife	negligencia	ile-ife
ileigbimo	consentimiento	house of assembly/congress
ileobaluaye	el mundo	high chief
ileru	horno	volcanic
ilopo	doble	times
iluoba	ciudadanía	king's town
iluorilejoba	globalización	capital city
ilé	hogar	house
iléayé	hogar	earth
iléisé	hogar	workplace
ilélódò	la casa	ile-lodo
iléàtèéré	hogar	ile-ateere
iléńlá	patio	ile-nla (area)
ilẹ	suelo	land
ilẹ̀ayé	la tierra	the world
iminle	para arrestar	earthquake
imoero	focos	engineering
imojuto	cuidado	protection
imusin	dibujar	colony
imú	nariz	nose
imúnisìn	higiene	slavery
inagberingberi	mantequilla de maní	electromagnetic force
indeed	en efecto	paapa julo
indus	indus	indus
inkosi	para justificar	inkosi
integration	integración	ifowosowopo
inágbéringbérin	de diecisiete	electromagnet
iní	herencia	possession
inúnibíni	persecucion	hatred
ioja	pez	fight
ioniani	necesitado	ionian
iowa	en la tierra	iowa
ipare	desvanecerse	abolition
ipawo	usos	income
ipele	nivel	stage
ipin	capítulo	share
ipinpa	participación	arm of, branch of
ipinu	decisión	determination
ipo	ubicación	position
ipá	fuerza	effort
iraja	impactante	bargaining
iranlose	asistencia	mission
ire	rebaja	you
irele	humildad	irele
iringa	envolver	iringa
irisi	apariencia	appearance
irorun	muy simple	convenient
irò	rumor	iro
irúnmọlẹ̀	relámpago	apparition
isa	suficiente	jesus, isa or yisa is hausa language
isare	aceleración	track race
isedaniloro	duda	terrorism
iseero	reloj	engineering
isejoba	gobernancia	governance
iseoba	quince	civil service
iseoroayeijoun	arqueología	archaeology
iseowo	negocio	business
isepinpin	distribución	division
iso	venir	unit
isoponomba	isoponomba	addition of numbers
isun	fluir	spring
isesi	rendición	conduct
isè	servicio	occupation
itali	italiano	italy
itanakole	historia	ancient
itelentele	claramente	coming after
itiraka	dificil	effort
itobi	alardear	size
itokowo	negocio	economy
itorawo	liberal	astrology
itu	tirar	solution
itumo	sentido	meaning
iwadi	investigación	research
iwasi	impresionar	behaviour
iwifun	información	report
iwoile	hogar	entering
iwosan	curación	healing
iwulo	útil	use
iwuwa	práctica	behaviour
iyan	hambruna	argument
iyato	la diferencia	difference
iyawo	novia	wife
iyen	es decir	that
iyán	espumoso	pounded yam
iḷẹ̀	trabajo	land
iṣẹ́ìwádìí	investigación	research
jabo	reporte	give account
jackson	jackson	jackson
jadide	espere	emerge
jagbe	piérdase	shout
jalè	robo	steal
jamaica	youtube	jamaica
jamo	vete	link
jawaharlal	columpios	jawaharial
jeffrey	jeffrey	jeffrey
jeometri	geometría	geometry
jesu	jesús	jesus
jfk	jfk	jfk
jije	siendo	existing as
jijinna	lejos	distance
jiròrò	brumoso	dialogue
jo	fuga	days
jogun	heredado	inherit
johann	infierno	johann
johanu	lo siento	john
jojo	agrietado	great extent
jopò	participar	gathered
jo	juan	resemble
juneau	juneau	juneau
jàgídíjàgan	violento	violent
jáde	salga	out
jé	ven	is
jéésù	jesús	jesus
jìnnàa	lejos	further
jíje	siendo	eating
jíjuwó	ganar dinero	waving hands
jíjéomoléyìnkírísítì	como filántropo	followers of christ
jùlo	mas que	most
jùlo	especialmente	most
jùló	lo mas	most
jẹ́mánì	alemán	germany
jọ́	por favor	together
kadara	activo	destiny
kagera	jactancioso	kagera
kakiri	rastro	all over
kalinga	cinga	kalinga
kalẹ	dejar de lado	established
kampala	corchete	kampala
kan	una	one
kankan	ninguna	any
kanlè	kanal	established
karbonumarun	thecentricane	5 carbon
karl	karl	karl
karun	quinto	fifth
karùún	el quinto	fifth
kebbi	ajustable	kebbi
kekere	pequeña	lower
keko	alfabetizado	learn
kept	mantenido	fi pamo
khoisan	inferior	khoisan
ki	también	not
kiakiajulo	el más rápido	rapidly
kiko	trayendo	gathering
kikojo	compilacion	gathering
kikopomo	calor	mixed
kikoso	rápido	colonised
kiko	aprendizaje	making
kikuninu	imagina	size
kilhar	axila	kilhar
kinkinni	la pequeña cosa	small quantity
ko	o	don't
kodò	abajo	bow
koidu	koidu	koidu
kojá	cruzar	pass
kolo	kolo	going
komputa	computadora	computer
kong	kong	kong
kongo	condón	congo
kookan	esta	one
koto	cebo	pit
koko	aprendizaje	make heap
ko	ko	learn
kori	no más	not found
krio	krio	krio
ku	tú	remain
kwara	dirigido	kwara
kàríbẹ́ánì	en la región	carribean
kàyéfì	preguntarse	amazement
ká	de	we
kánfinkése	ingenio	prolonged
kánádà	por supuesto	canada
káyé	mundo	world
kéesì	ridículo	keesi
kékéèké	pequeña	small
kétu	estar preparado	ketu
kémíkà	de lo contrario	chemical
kéyìn	luego	come after,
kìnní	primero	first
kí	saludar	not
kíko	estudiando	written
kíkọ́	aprender	learning
kínu	besos	greet
kírísìtì	navidad	christ
kòjòkú	lluvia	kojoku
kòkó	el ratón	cocoa
kòmpútà	computadora	computer
kòtò	un pozo	pit
kòòsí	no lo es	coaching
kòòkan	cada uno	each
kógo	gloria	glorious
kóra	reunir	participate
kùkú	después de todo	eventually
kùrání	el koran	quran
kúkú	después de todo	now
kúkúrú	en una palabra	short
kúrò	lejos	away
kútò	todo	kuto (place)
kúùkù	de lo contrario	punches; expression meaning 'by force' (ti pa ti kuuku)
kẹrin	el cuarto	4
kẹsàán	inmediatamente	ninth
kẹta	tercero	third
kẹ́nyà	separación	kenya
kọjá	pasar	pass through
kọ̀mpútà	computadora	computer
kọ́kọ́	primero	first
kọ́lọ́mú	columnas	breast owner
kọ́ni	falta de	teach
laa	vete	will
laada	golpear	good fortune
laaka	contrarrestar	important
laarin	dentro	between
labalaba	mariposa	butterfly
labee	debajo	under
lade	cargar	crowned
laid	puesto	tele
laifi	culpa	without
languages	idiomas	ede
lanka	lanka	lanka
lasile	lanzamiento	laid out
latibe	desde allí	from there
latigbana	desde entonces	from then on
latini	latín	latin
latvia	letonia	latvia
lay	laico	da
le	lata	can
leboa	lebo	leboa
lekun	intensificado	open door
leo	león	leo
lese	enviar	firmly
less	menos	okeresi
lewaju	adelante	front
lewon	prisión	imprisonment
leyi	aquí está	mispelled...should be 'leyin', after
leè	mayo	can
lilelile	duro	tightly
lilemo	canabis	sticky
lilongwe	lilongwe	lilongwe
lindi	lejía	lindi
linear	lineal	dogba
links	enlaces	eka; this is a new word and does not really exist in yoruba
lodo	tener lugar	from
lojowaju	en el futuro	the future
lojukokoro	codicioso	covetousness
lojúgun	él devastó	knee
lokunkun	energético	in the dark
loloselu	políticamente	in politics
lopolopo	mucho	so many
loruko	nombre	name
louvre	lumbrera	louvre
lovers	amantes	awon olufe
low	bajo	diye
lo	seguir	than
luanda	luanda	luanda
luther	luther	luther
lynton	lynton	lynton
làgba	igual	more important
lààmi	firmar	sign
lààmì	señales	significant
lábé	peso	under
láfún	dado	cassava food
láimo	sin	unknown
láké	ruidoso	in ake
lámọ́di	fortuna	lamodi
lápá	parte	from
lára	herir	part of
lárúbáwá	lo natural	arabic
láì	sin	without
láíláí	nunca	old
lèe	lata	can
lèyìn	después	after
lédè	en lenguaje	language
léebá	de paso	catch up with it
lérìnín	la nieve	erin=laughter; the prefix 'l' is possesive
lérò	razón	thought
léyin	después	after
léyìn	luego	after
lérú	esclavitud	enslave
lílo	explotación	using
lísa	aceleración	a chieftaincy title
lítésò	escozor	literature
lóde	fuera de	modern
lópez	nipez	lopez
lópó	viuda	widow
lórì	puerto	on the head
lóríba	encima	subdue
lóti	lote	have
lóòótò	si	truly
lóòótọ́	en efecto	truly
ló	ló	to
lónà	en camino	in a way
lórò	mañana	become wealthy
lọndọnu	londres	london
lọ́dọọdún	anualmente	yearly
lọ́jà	en el mercado	in the market
maapu	mapa	map
madeira	beira	madeira
mahatma	el mahatma	mahatma
makedonia	macedonia	macedonia
malabo	miel	malabo
malay	ficticio	malay
malayopolynesian	malayo polinesio	malayo-polynesian
malaysia	malasia	malaysia
mali	día	mali
mango	mango	mango
manˈdeːla	manˈdelala	mandela
marcellus	marcelo	marcellus
march	marzo	march
marku	esta vez	mark
mars	marte	mars
maryland	maryland	maryland
maseru	celos	don't be slave
matheu	matheu	matthew
mathiew	mathiew	mathiew
mathimatiki	matemático	mathematics
max	max	max
maya	no	maya
mbabane	negativo	mbabane
means	medio	ona (way)
mediteraneani	mediterráneo	mediterranean
mefeefa	revisión	all six
mejidinlogbon	veintiocho	twenty eight
mejila	doce	twelve
meksiko	mexico	mexico
melo	cuántos	some
member	miembro	ara
mercosur	mercosur	mercosur
merin	cuatro	four
methodologies	metodologías	anaoniruuru
metropoli	metrópoli	metropolis
meucci	meucci	meucci
mewar	mewar	mewar
mexico	mexico	mexico
michelle	michelle	michelle
micronesia	micronesia	micronesia
miiràn	aliviar	another
mimoy	mimoy	mimoy
mimuwa	pegajoso	import
minnesota	minnesota	minnesota
minority	minoría	awon ara kekere
mohandas	mohandas	mohandas
mokaleladota	compacto	51, (mokanleladota)
mokanlelogbon	treinta y dos	thirty-one
mombasa	mombasa	mombasa
monrovia	monrovia	monrovia
morgan	morgan	morgan
morogoro	automovilismo	morogoro
mozambique	mozambique	mozambique
mozilla	mozilla	mozilla
mtn	mtn	mtn
mtwara	elige de nuevo	mtwara
mughal	volumen	mughal
mulẹ̀	establecer	establish
munispal	munispal	municipal
muungano	muungano	muungano
májèmú	no importa	testament
mère	dibujo	significant
méjèèjì	ambos	the two
mérindíláàdóta	cincuenta y cinco	forty-six
méte	cinco	lip
mérìndínlógún	dieciséis	sixteen
mérìnlélógójì	cuarenta y cuatro	44
méta	tres	three
métèètà	carpintero	the three
méwàá	diez	ten
ménu	tu crees	verbally contribute; complete phrase= me nu ba
mímọ́	santo	holy
míràn	otro	other
míìrán	otro	other
mííràn	otro	other
mò	conocimiento	know
mókólà	pegamento	mokola
móra	cura	with themselves
mó	m	with
múlẹ̀	agárrate fuerte	select land (farmland)
mẹ́fà	seis	6
mẹ́rkúríù	el ratón	mercury
mẹ́ta	tres	3
mẹ́talọ́kan	trinidad	trinity
namibia	venir	namibia
nathaniel	nathaniel	nathaniel
nato	otan	nato
nawojulo	misterioso	highest-spending
nawó	obtener su dinero	point finger
ncnc	ncnc	ncnc
nebraska	nebraska	nebraska
nefimu	nephim	nefimu
neptune	neptuno	neptune
nevis	nevis	nevis
ngbero	planificado	planning
ngubengcuka	ngubengcuka	ngubengcuka
nibe	ahí	there
nibere	temprano	earlier
nigbakan	algunas veces	at one time
nigbà	luego	when
nijẹr	nike	niger
nilè	aquí	remaining
nisinyi	ahora	at present
nitoriidieyi	debido a esto	because of this
nitoripe	porque	because
nitosi	cerca	nearby
niwaju	adelante	in front of
niyato	distinguir	unlike
niye	suficiente	in number
niyi	aquí está	these
nkan	cosa	things
nkàn	cáncer	something
nnaji	tío	nnaji
nobel	nobel	nobel
nombamewa	multiplicando	decimal
nombáméjì	los primeros dos	two-number
novo	novo	novo
nri	comida	nri
nse	diseño	acting
nso	cerca	saying
nsolaboraro	seguridad	nso laboraro
nsowikipedia	obowikipedia	saying
ntoka	punto	indicates
nu	limpiar	in
nukleotidi	nucleótido	nucleotides
nukleotidipupo	nucleótido	cell
numeri	entumecimiento	numbers
nwa	bebé	drill
nàìjíríà	en nigeria	nigeria
náwo	gastos	spend money
náà	también	that
nì	montaña	is
nìnú	lo siento	in
nìyí	eso es todo	this is
ní	tener	on
níbè	ahí	there
níbè	ahí	there
nífẹ̀ẹ́	amar	love
nígbàtí	cuando	when
nílè	abajo	on the ground
nílùú	en la ciudad	in the town
nílẹ̀	en el piso	in the land
nínlá	excelente	large
nínu	oportunidad	in
níní	tener	having
nípà	al menos	by
nítorípé	porque	because
nítumò	sentido	meaningful
nítòsí	cerca	nearby
nítòótó	exactamente	truly
nítòótọ́	en efecto	in truth, truthfully
níwájú	adelante	in front
níyanjú	afirmativamente	solved
nǹkan	cosa	things
nso	próximamente	say
oba	obama	king
obairanderan	prima	hereditary
obere	pequeña	started
obínibí	cortesía	inborn
ododo	justicia	righteousness
ofin	la ley	law
ogbè	región	a divinity
ogun	guerra	war
ogunlogo	multitud	hundreds
ojo	parece	day
ojojumo	diario	daily
ojoru	calor	wednesday
ojukokoro	codicia	covetousness
ojuoorun	puesta de sol	atmosphere
ojuse	responsabilidad	responsibility
ojùkòsì	precipitación	ojukosi
ojùkòtúu	precipitación	ojukotuu
ojúlùmọ̀	conocidos	acquaintance
ojútáyé	viscosidad	public
ojúìwé	página	page
okeere	de ultramar	distant
okhotsk	okhotsk	okhotsk
oko	campo	farm
okunkun	oscuridad	darkness
okunrin	el hombre	male person
olodiajodojuko	el uno al otro	facing wall
olohun	propietarios	god
olojukanna	inmediatamente	same surface
olokunkun	auriculares	popular
ololugbe	perdedor	occupants
olopon	arrogante	a local game
olora	grasa	fertile
oloselukan	hola	one political
oloye	genio	chief
oluda	creador	creator
oludase	productor	separatist
olukoitan	instructor	the writer
olukowe	autor	writer
olumojuto	codicioso	overseer
oluparapo	combinación	joint
olusoju	guardia	ambassador
oluwakiri	exploración	explorer
olympus	olimpo	olympus
olódùmarè	todopoderoso	almighty god
olóyè	regla	chief
olóṣèlú	político	politics
olùbátan	este contacto	relative
olùdarí	un líder	director
olùkópa	contribuyente	participant
olùkó	instructor	teacher
olùkọ́	profesor	teacher
omi	agua	water
omiadalu	inundar	mixture
onialjebra	onialjebra	of algebra
onibugbe	inquilino	population
onigbeja	constructivo	allied
onigbowo	un patrocinador	sponsor
onigunfenfe	pasivo	large angle
onilanaibagbepo	condón	constitutional
onilile	propietarios de viviendas	solid
oninawo	prestatario	financial
onipin	racional	even
onisayensi	técnico	scientific
onisowo	comerciante	trader
oniyewumeji	binario	two-chamber
oniyijulo	increíble	highest honour
onje	dieta	food
onka	calculadora	counter
onígbàgbó	anciano	believer
oníkólóbó	abusivo	onikolobo (place)
onílẹ̀	abajo	land owners; citizens (omo onile)
oníná	fuego	electronic
onítumò	traductor	meaning
onítèbọmi	los bautizados	baptist
onítòhùn	contador	that person
oníwòsàn	el curandero	doctor
oníyanjù	animado	persevere
ooni	cocodrilo	ooni (king)
ootọ́	cierto	truth
opec	opep	opec
opposite	opuesto	odi
ori	cabeza	top
oriire	felicidades	success
oriki	oriental	name of endearment
orileede	la nación	country
orileedeajoba	imperialismo	monarchic country
orilejoba	gobierno	seat of government, kingdom
orileominira	calor	republic
orinìyìn	una canción	songs of praise
orisirisi	variedad	various
orisun	fuente	source
orisa	orígenes	god
oritameta	en el medio	crossway
orudnun	anual	mispelled...should orundun, century
oruko	sustantivo	name
oríilè	nacional	land
oríilẹ̀	artículo	land
oríkì	poesía	family name
orílèèdè	nación	country
orílẹ̀	nación	continent
orílẹ́	noche	nation
orísiirísi	varios	various
orísìí	variedad	type
orísìírísi	diferentes tipos	various
orúko	el campo	name
oscar	oscar	oscar
oseluarailu	civil	political unit
otherwise	de otra manera	ibaje
otutu	muchos	coldness
oun	él	it
owojagidijagan	terroristas	upheaval
oúnjẹ	comida	food
odún	el año	year
ojó	está lluvioso	day
okùnrín	la risa	man
olórun	dios	god
olósìn	religioso	rearing
odun	anual	year
olorun	dios	god
omonìyàn	seres humanos	human beings
opolo	muchos	brain
ose	ose	week
oyé	el mundo	harmattan
ofò	buenos días	nothingness
opolo	muchos	brain
paa	apagar	back
paapaa	especialmente	especially
padá	vaina	go back
palauan	palauan	palauan
panaˈma	panamá	panama
panyanan	el espacio	spanish
papa	papá	specifically
parapọ̀	mezcla	join
paripari	el fin	finally
pele	encantador	hello
penh	penh	penh
penisula	penisula	peninsula
periferi	periferi	periphery
petu	petu	resolve
pelu	perla	with
phillipines	filipinas	phillipines
pinsi	declinante	divided
pinsoto	pinoto	separated
pinu	determinado	decide
pipo	mucho	plenty
pipolongo	anuncio	publicise
piposi	mucho	multiplication
platos	platos	plato's
plánẹ́tì	plomería	planet
po	correos	share
pojulo	el más alto	larger
polandi	polaco	poland
polaroid	polaroid	polaroid
population	población	ero
portonovo	portonovo	porto novo
portuguese	portugués	portuguese
press	prensa	press
produced	producido	yo
protokolu	protocolu	protocol
proton	protón	kemika alaropo
providence	providencia	providence
príncipe	príncipe	principe
pupa	rojo	red
px|kùránì	px | kernel	koran or quran; the px  does not belong
pàmò	específicamente	pamo (town)
pàràkòyí	inmediatamente	parakoyi
pààlà	un límite	signalised
pàápàá	especialmente	especially
pásíà	el sótano	persia
pátáporongodo	absolutamente	entire
pè	llamado	that
pèhìndà	semen	turned back
pèlu	junto con	with
pèlúpèlú	también	in addition
pèsè	previsto	provide
pé	ese	that
péré	solamente	only
péé	ese	that
pípa	sacrificio	order
pípèsè	provisión	providing
pípẹ́	largo	long
pòwe	proverbios	to say a proverb or wise saying
pò	doblez	join
púpo	demasiado	much
púpò	más bien	a lot
quran	corán	quran
ra	comprar	self
race	carrera	ere
rajya	esperanza	rajya
ramadan	ramadán	ramadan
rank	rango	ipo
reggae	reggae	reggae
repeats	se repite	tunso
repetejulo	el mas sensible	most of all
rere	bueno	success
research	investigación	agbeyewo
richard	ricardo	richard
right|thumb|px|aworan	derecha | pulgar | px | imagen	picture
rinle	recién	emphasise
riresile	grabadora	humbled, lowered
riro	imaginación	thought as
rn	rn	rn
rna	rna	rna
rnarna	rnarna	rna-rna
rnas	rnas	rnas
ro	pensar	thought
robinson	robinson	robinson
roboto	superficies	round
rogbodiyan	alboroto	riot
rokirika	hojeada	publicise
roko	multitud	farm work
roma	roma	roma
rome	cromo	rome
ronald	ronald	ronald
rorùn	fácil	easy
rossii	rossii	rossii
rural	rural	igberiko
ryan	ryan	ryan
ráhàn	apareció	complain
ránmú	preocupación	grumble
république	république	republic
ré	c	his/her
rìn	andar	should be orin, song or music
ròyìn	reportado	give account
rẹ	su	it
saarc	eliminar	saarc
saaree	superior	after death
saarland	en el piso	saarland
safari	safari	safari
saffana	zafiro	savannah
safiwe	comparación	describe
safta	póngase en fila	safta
saheli	conveniencia	sahel
sakyamuni	el siguiente	sakyamuni
sakyas	sakyas	sakyas
salem	salem	salem
salàyé	vida	explained
sambia	juventud	zambia
samioro	disponible	signal
santa	papa noel	santa
say	decir	so
sb	sb	sb
schwarz	schwarz	schwarz
sea	mar	odo
seat	asiento	itedo
segbese	posiblemente	take steps
seidamo	claro	identify
semolara	asma	accustom
semudaju	por supuesto	assure
senegal	senegal	senegal
sense	sentido	sensi
seville	sevilla	seville
sewadi	buscar	investigate
sharon	sharon	sharon
sibesibe	todavía	further more
sihamoni	estructura	sihamoni
sile	detrás	previously
silè	gotas	on the ground
sinai	pecado	sinai
sinsin	religión	unshakably
sioux	siux	sioux
sise	cocinando	works
sisodagba	creciendo	came of age
sisopo	enlace	joined
sisupapoerekusu	escupir	neighbouring islands
sisupo	multiplicar	concentrated
slovo	slovo	slovo
so	amor	turned
sohun	si	something
solomon	salomón	solomon
soon	pronto	lai'pe
sopin	final	ended
so	entonces	tells
spectacular	espectacular	damanran
stella	stella	stella
structures	estructuras	igbekale
suez	suez	suez
sugbo	pero no	but
sugbọ́n	racional	but, however
sun	dom	sleep
suny	suny	suny
swahili	swahili	swahili
symmetry	simetría	ogbooga
sàbúrí	sobre todo	saburi
sàmì	una señal	signalize
sàn	el mejor	flow
sàngó	pandilla	sango (god of thunder)
sàì	bien	un
sápadè	este día	run to
sáàpàdé	patrocinio	saapade
sáààrin	entre	between
são	el nuevo	sao
sèle	robando	down
ségun	llorar	conquered
sénégal	semen	senegal
séyìn	espalda	back
séyìn	espalda	at the back of
sìbẹ̀	todavía	there
sìni	camarón	likewise
síbèsíbè	sin embargo	further more
síbú	al suelo	ocean
sílẹ̀	dejar abajo	drop
síse	trabajo	doing
síso	todavía	spoken
síso	todavía	saying
síta	fuera de	outing
síwon	ellos	to them
síwájú	adelante	comes before
síí	aquí	on it
sòrò	lavar el cerebro	talk
sójà	soldado	soldier
sóko	planta	to the farm
sùgbón	de lo contrario	but
sọ	decir	lose
si	ciertamente	to
síse	estructura	performing
sùgbón	de lo contrario	but
se	ellas hacen	do
sepò	finalmente	cooperation
sisé	rutina de ejercicio	work
sááju	tómate un minuto	before
sísa	s .ía	to be
sísè	traducción	step
tabi	o	or
tabili	mesa	table
tabora	evitación	tabora
taino	dino	taino
tainos	tainos	tainos
takuntakun	restricciones	valiant
talaka	pobre	poor
talika	pobreza	the poor
tara	nueve	wholly
tata	filtrar	wildly
taínos	taínos	tainos
technology	tecnología	tekinoloji
tedo	fechado	stay
teksas	texas	texas
tele	seguimiento	before
temptation	buscando	idanwo
terutomo	terutomo	everybody
tfrac	tfrac	tfrac
the	el	does no directly translate
they	ellos	won
those	aquellos	awon
thumb|left|upright|nelson	pulgar | izquierda | vertical | nelson	apa osi naro
tira	tiempo	quranic verse
tirana	tirana	tirana
tirè	su	own
titu	disparar	cold (if it's a person's name, it is tutu)
tiwọn	suyo	theirs
to	a	it
toje	raro	that is
tokasi	señaló	pointing to
tokyo	tokio	tokyo
tolerejulo	tolerado	most profitable
tolórítelémù	holocausto	all manners of people
tomé	tomate	tome
tooto	de verdad	true
tori	tori	because
torun	morena	heavenly
toseluaralu	político	political
tounsejanu	trágico	control
traduite	traducir	traduite
translated	traducido	tunmo
tumosi	medio	means
tuntun	nuevo	new
tàsí	sin	or
tàwon	ellos	theirs
táawà	inclinarse	we
tèlé	seguimiento	before
tètè	con rapidez	quickly
tèlé	inmediatamente	follow
tèsíwájú	progresar	progress
té	t	follow
télè	por	before
té	t	shamed
títi	cerrado	till
títèlé	seguir	following
títío	hasta	until
tíátà	entradas	theater
tíórì	llantas	that is seen
tò	conjunto	enough
tóbi	grande	big
tódárajùlọ	el mejor	most beautiful
tókù	descanso	others
tówùú	cualquier cantidad	whatever
tó	tó	taught
tóka	citado	pointed
tú	derramar	untie
túmò	ciruela	means
túnse	reorganizar	restructured
tẹ̀ǹbẹ̀	luego	rivalry
tẹ̀ǹbẹ̀lẹ̀kun	conspirar	bitterness
ucb	ucb	ucb
umueri	niños	umueri
unifasiti	universidad	university
unla	si	great
urasílì	uracilo	uracil
uribe	el aura	uribe
usps	usps	usps
utah	utah	utah
utc	utc	utc
uzbek	la manera	uzbek
venezuela	venezuela	venezuela
vermont	vermont	vermont
victor	víctor	victor
videos	videos	fidio
vihara	vihara	vihara
villa	villa	villa
viruses	virus	awon eran
visit	visitar	ibewo
vz	vz	vz
waa	es	ours
waju	cara	future
wari	oler	once existing
westminster	westminster	westminster
wisconsin	wisconsin	wisconsin
witkin	witkin	witkin
wiwari	descubrimiento	discovered
województwo	locura	wojewodztwo
wole	registrarse	into
woo	cortejar	look
wo	aquí	enter
wo	aquí	look
won	ellos	they
wura	oro	gold
wyoming	wyoming	wyoming
wàásù	predicar	preach
wì	lavar	that
wípè	claridad	that
wòfún	vistazo	convenient
wònyí	estos son	these
wón	ellos	they
wúnrèn	rutina de ejercicio	small amount
wọn	ellos	they
wọ̀nyí	estas	these
xd	xd	xd
xiv	xiv	xiv
yafran	alfabeto	yafran
yakubu	yakub	yakubu
yan	seleccione	choose
yanjú	resolver	solve
yanturu	mucho	abundant
yaoundé	yaoundé	yaounde
yewo	mejora	examine
ye	si	suitable
ye	si	should
yindinyindin	nunca pares	brightly
yio	deberá	will
yiowu	va a	any
yipada	giro de vuelta	change
yiyafunnilo	erosión	borrow
yoo	será	will
yori	led	result
york	york	york
yorúbà	yogur	yoruba
yo	yo	remove
yànan	asombro	scattered
yàtò	preparar	other than
yára	darse prisa	quickly
yèwò	mira	examine
yée	déjalos	eplained to
yì	vamos	this
yìí	esta	this
yí	giro de vuelta	this
yíyípadà	cambio	changed
yíì	vas a	this
yíò	va a	it will
yẹ̀ẹ́	ya sabes	check
yọ	eliminar	bring out
zanzibar centralsouth	zanzíbar central sur	zanzibar centralsouth
zdna	zdna	z-dna
zou	zou	zou
zscores	zscores	z-scores
zy	zy	zy
 bce	lejos	bce
àbe	babuino	under
àbámẹ́ta	jueves	saturday
àbáyo	sugerencia	breakthrough
àbìkú	inmortalidad	'born to die' child
àbọ̀	medio	result
àdámò	intimidad	earmark
àdátá	lo contrario	adata
àdáátán	exclusivo	adaatan
àdóolóró	petróleo	bomb
àgbàjọ	el viejo	assembly
àgbàrá	inundar	power
àgbáríjọ	organización	combination
àgbékà	resumen	suitable
àgbéyèwò	revisión	examination
àgbìgbò	barrio	a type of bird
àgbùdo	yarda	corn
àgọ́	tienda	ago
àifète	propósito	unable to keep quiet
àjo	viaje	board
àjákọ	aparte	ajako
àjọṣepọ̀	social	union
àkosílè	abstracción	written
àkosílè	tesis	written account
àkàrà	pasteles	bean pudding
àká	estantería	store
àkójopò	grupo	collection
àkókó	el tiempo	previous
àlàkalè	metas	breakdown, explanation of actions
àlàyé	información	explanation
àlàáfíà	paz	peace
àlááfià	analogía	wellbeing
àlè	bastardo	mistress, concubine, (side booty)
àlèpò	encima	joined together
àlébù	defecto	ills
àmérìkà	sobrenatural	america
àmì	firmar	sign
àmúlò	práctico	synonyms
àmúsorò	psicología	resources
ànfàní	oportunidad	opportunity
àpapọ̀	como un todo	federal
àpeere	ejemplo	example
àrígbámú	perturbador	assistant
àrùn	enfermedad	disease
àrẹ	presidente	president
àse	banquete	authority
àsàjemátèe	amanecer	cunning
àsèyìn	secuelas	at the end
àsìkò	hora	time
àsótélè	extensión	prophecy
àsọdọ̀kan	unidad	unitary
àsekúdórógbó	ladrar	do or die
àsà	personalizado	habit, culture, norm
àtijo	obsoleto	olden days
àtìpó	el alien	sojourn
àtòrìnká	alrededor de	urinating while walking
àtúnse	editar	modification
àtúnse	editar	renovate, fix
àtẹnudẹ́nu	oral	oral
àwon	teorías	they
àwón	el dinero	the
àwón	dinero	the
àwùjo	sociedad	community
ààtò	ritual	suitability
ààyè	viva	space
àárín	en el medio	middle
àáyá	semen	seconds
àìkó	deficiencia	unlearned
àìní	querer	lack
àìròtélè	inesperado	unthought of
àìsí	ausencia	lack
án	t	it
áwon	fornicación	those
èbà	mosquitos	cassava flour food
èbúté	puerto	shore
èdá	creación	creature
èdè	idioma	language
èdè	idioma	language
èfòn	tiempo	efon
èhìn	el siguiente	outskirt
èka	rama	branch
èkejì	el otro	second
èlò	utensilios	tool
ènìkan	alguna cosa	someone
èràn	enfermedad	virus
èrò	pensamientos	thoughts
èsó	mezquita	modesty
èsúrú	hormigas	yam (indigenous to west africa)
ète	propósito	plan
èyì	dignidad	this
èka	efecto	branch
èro	pensamientos	machine
èrí	evidencia	witness
èsìn	religión	religion
èwù	camisa	clothe
èpón	mucho	modifier
ìbarà	fiebre	ibara (town)
ìbánisòrò	la conexión	dialogue
ìbáraeni	carro	to themselves
ìbílè	patrimonio	local
ìbílè	patrimonio	local
ìdàgbà	edad adulta	grow
ìdàpapọ̀	consolidación	union
ìdàrúdàpò	caos	misunderstanding
ìdá	deserción	division
ìdìmú	disturbio	branch, part
ìdíisin	porque	idi-isin
ìdíwòn	tu razón	criteria
ìdó	picadura	ido (a person's name)
ìfara	tortura	self
ìfojúìtànìgbesiayé	historia de vida	biography
ìfáàrà	un sacerdote	introduction
ìgbonnìbí jé	es un desastre	igbonnibi
ìgbà	hora	when
ìgbàgbé	olvidadizo	forgetfulness
ìgbá	alas	time
ìgbáraga	fuerza	pride
ìgbéraga	orgullo	pride
ìgbésí	vida	life
ìgbò	ram	igbo people
ìhun	hierro	things
ìjo	baile	church
ìjo	la iglesia	church
ìjoba	gobierno	government
ìjora	odio	resemblance
ìjìnlè	misterio	comprehensive
ìjìnlè	misterio	mysterious
ìjò	líder	consent
ìjọba	gobierno	government
ìkejì	el otro	second
ìkànna	lo mismo	ikanna (town)
ìkèrèkú	congestión	ikereku
ìkéde	declaración	advert
ìkìjà	un reto	ikija
ìkìlò	abuso	warning
ìkínin	el sexto	greetings
ìkẹrin	el cuarto	fourth
ìkọpa	participación	ikopa
ìlera	salud	health
ìlo	llamada	use
ìlà	contorno	border
ìlànàn	espejismo	procedure
ìlàorùn	hematomas	east
ìlàìnàró	opresión	vertical
ìlè	soborno	land
ìlé	hogar	land
ìmò	serpiente	knowledge
ìmò	relámpago	knowledge
ìmóbìdo	el derecho de nacimiento	imobido
ìmú	cena	knowledge
ìmúnilérú	abusos	slavery
ìmúsára	para fortalecer	contagious
ìnagije	victoria	alias
ìnáwó	gasto	expenditure
ìpolongo	publicidad	advertisement
ìpìlẹ̀núkléù	cifrado	base
ìpìnlè	el principio	foundation
ìpínrò	párrafos	economize
ìrànlọ́wọ́	ayuda	help
ìrànàna	ayuda	path-clearing
ìràwọ̀	las estrellas	s
ìrí	experiencia	sight
ìròkò	pensamiento	iroko
ìròyìn	noticias	news
ìròyìnwiki	noticias	wikinews
ìròrùn	espejismo	peaceful
ìró	sonido	sound
ìrúbo	colapso	sacrifice
ìsawo	adivinación	divinity-practice
ìse	acción	behaviour
ìsinsìnyí	ahora	modern
ìsirò	cálculo	adding
ìsomó	unir	attachment
ìsàlè	puesta de sol	down town
ìsèlè	producción	happening
ìsìn	religión	worship
ìsòrò	meditación	speech
ìsòrí	subdivisión	chapter
ìsú	grosor	lump
ìsọ	tiendas	stall
ìse	acción	work
ìsègbèfábo	diligencia	female support
ìsèdá	creación	creation
ìsèjoba	gobierno	government
ìsílé	hogar	house opening
ìsòro	dificultad	problem
ìse	acción	action
ìta	fuera de	outside
ìtaeko	taller	outskirts of eko
ìtan	historia	story
ìtokò	la olla	story
ìtàn	historia	history
ìtànkálé	inundaciones	spread
ìtèsíwájú	progreso	progress
ìtójú	cuidado	treatment
ìtóju	confusión	treatment
ìtójú	expresiones faciales	treatment
ìtóka	ser golpeado	dictionary
ìtúmò	traducción	meaning
ìtúpalè	traducción	exposition
ìwe	comparación	book
ìwo	cuernos	horn
ìwàásù	predicación	sermon
ìwéré	folleto	iwere (town)
ìwò	en general	set
ìwòran	visión	viewing
ìwúlò	útil	usefulness
ìya	sufrimiento	mother
ìyapa	separación	divorce
ìyàwó	la novia	wife
ìyípadà	conversión	transformation
ìṣèlú	política	politics
ìṣẹ́kù	el resto	broken
ìṣọ̣̀tẹ̣̀	neumonía	rebellion
òde	fuera de	society
òdeojú	sin rostro	surface
òdo	juventud	zero
òdìkejì	el otro	opposite
òféàrán	una imagen	a town name
ògbójú	competente	brave
ògiri	pared	wall
ògo	gloria	glory
ògun	medicamento	medicine
ògúndìpẹ̀	en polvo	ogundipe
òjo	parece	ojo
òjísé	el doctor	servant
òkèògbún	mil	oke-ogbun
òkòòkan	uno a uno	each
òkú	cuerpos	corpse
òkúta	una piedra	stone
òle	ama de casa	lazy
òmiràn	el hechicero	other
òmùàrán	una imagen	omu-aran (town)
òní	hoy	today
òotó	verdad	true
òpópóònà	la carretera	highway
òranyàn	obligatorio	a must
òrìsà	ídolos	god
òrí	capítulo	top
òrò	cerebro	word
òsán	mediodía	afternoon
òsèlú	político	politics
òsèré	atleta	player
òwù	paño	owu
òṣèlú	política	politician
òjògbón	clima lluvioso	learned person
òkan	uno	heart
òkòòkan	uno a uno	each
òpòlopò	muchos	many
òré	juego	friend
òfò	el siguiente	sorrowful
òpòlopo	muchos	lot of
òré	juego	friend
òrò	pensamientos	word
òsà	pez de colores	lagoon
òwó	dinero	hand
òrò	pensamientos	word
òròàjòmó	inclemencias del tiempo	part of speech
ó	eso	that
óníse	el es diseñador	stricken
ósírísì	saliva	diverse
ósékú	está muerto	die suddenly
ó	si	word
ôdún	año	year
únṣẹlẹ̀	terremoto	formed
şe	hacer	do
ʔaːnaːtɕɑ̀k	buscar	not yoruba
ˈøːstəˌʁaɪç	ˈøːstəˌʁaɪç	austria
ˌkælɪˈfɔrnjə	ɪˈkælɪˈfɔrnjə	not yoruba
ˌæləˈbæmə	enfermedad	not yoruba
κάππα	.α	does not translate
σ	σ	does not translate
ṣiṣé	apertura	work
ṣàkóbá	perjudicial	incriminate
ẹdo	broma	edo
ẹlẹ́bùn	un regalo	award winner
ẹlẹ́sìn	religioso	religionist
ẹnìkan	una persona	someone
ẹsẹ	pies	verse
ẹtì	hígado	friday
ẹ̀kaawon	presentaciones	branch of
ẹ̀kabrítánì	tío	part of britain
ẹ̀kajuly	mayo	chapter july
ẹ̀kaoṣù	espinoso	month
ẹ̀kasístẹ̀mù	subjetivo	sistemu=system
ẹ̀kẹ́ta	el tercero	third, the third
ẹ̀kọ́	educación	teachings
ẹ̀ni	oms	person
ẹ̀rọ	maquinaria	machine
ẹ̀wẹ̀	por otra parte	leaf
ọbàkàn	medio hermano	step-sister
ọdún	año	year
ọlọ́mọ	niños	members
ọlọ́run	un dios	god
ọmú	eres un inútil	breast
ọmọ	niño	c
ọn	eso	him
ọpọ́lọpọ́	higos	many
ọ̀dọ́	juventud	youth
ọ̀gbìn	planta	seedlings
ọ̀nà	camino	ways
ọ̀pòlòpò	acción	various
ọ̀rọ̀	hablar	word
ọ̀sẹ	semana	week
