aajo	gülünc	hospitality
aala	haşiyə	border
aanu	şəfqət	compassion
aapon	aapon	bachelor or spinster (bachelorette)
aare	aare	president
aawe	iflic	fasting
abala	hissə	division
abeikojopo	varis	subset
abeorile	evə qayıdır	nation
abesahara	səpmək	under the sahara
abidi	əlifba	abidi
abidjan	heç	abidjan
abo	qadın	security
aburunmu	hisslərimiz	reduced in value, diminished
abálájo	təcrübəli	that is why
abé	iynə	under
abínibí	milliyyət	inborn
abúléko	kənd	village
accra	akkra	accra
adaba	əlverişlidir	factor
adabaye	yaxşı	previously-existing
adarihunrun	təmiz	human
addis	addis	addis
adeda	təbiət	creator
adiokan	tək	stubbornness
adágbà	ağsaqqal	adagba
adúgbò kútò	küçədəki qonşular	kuto area
adúgbò mókóla	mukoza mukozası	mokola area
adúgbò quarry	karxana qonşuları	neighborhood
adúgbò ìdí	qonşuluq səbəbləri	area
afida	ailə	element
afomo	misal üçün	cleansing
afoyemo	tezis	abstract
africa	afrika	africa
african	afrika	ara afrika
africans	afrika	africans
aféfé	yel dəyirmanı	air
agba	çəkmək	principal
agbado	qarğıdalı	maize
agbara	güc	power
agbaye	dünya	world
agbeinadie	əkinçilik ərazisi	semi-conductor
agbà	bir yetkin	adult
agbàbò	qoruyucu	adopted child
agbára	güc	power
agbéiná	yanğınsöndürən	conductor
agio	ağlamaq	agio
aintimulo	aintimulo	un-exploited
aisi	çatışmazlığı	lack
ajagun	köpək	ajagun
aje	iqtisadiyyat	trade
ajemoroyin	dindirmə	reporting
ajibola	gündəliyi	ajibola
ajo	səyahət etmək	firms
ajoro	səyahət etmək	discussion
ajọra	replika	resemblance
akiidah	coridah	(non-standard yoruba, this maybe from benin)
akinpelu	artilleriya	akinpelu
akokolo	dövrü	period
akole	biz edə bilmərik	title
akoni	bizdə yoxdur	teacher
akopa	hər şeydən əvvəl	participant
akopo	tərtib	assembly
akátá	çaqqal	african american
akíkanjú	cəsur	courageous
akíngbógun	batalyon	akingbogun
akẹ́kọ̀ọ́	tələbə	students
ala	aşağı	limit
alaabo	əlil	protection
alaadanida	istenmeyen	individual
alaafia	barış	peace
alaafin	qanunsuz	alaafin
aladaani	özəl	privately-owned
aladani	özəl	self-owned
aladanida	ixtiyari	private
alaidogba	balanssızdır	unequal
alaigbara	qarşısıalınmaz	neutron
alaini	ehtiyaclı	the poor
alakitiyan	aktivist	activist
alakobere	təcrübəsiz	primary
alalaye	torpaq	explanatory
alawose	kehanet	mentor
albany	albany	albany
albert	albert	albert
alexandra	alexandra	alexandra
alicia	alicia	alicia
allāh	allah	allah
alominira	müstəqillik	independent
alpha	alfa	alpha
alubàbá	ata	drummer
alukuraani	quran	quran
alumoni	müalicəvi	minerals
alumíníọ̀mù	alüminium	aluminium
alákọ̀bẹ̀rẹ̀	təşəbbüskar	primary education
alápapò	yerdəyişmə	general
alátise	rəssam	alatise
aláyèwò	müfəttiş	expert
aláísàn	xəstə	the sick
alúwo	partlama	traditional cults
alọ́po	cüzdan	tied
amazonas	amazonalar	amazonas
americas	amerika	americas
amerika	amerika	america
amojeoyipada	konvertasiya edilə bilər	reform
amosi	məscid	amos
améríkà	amerika	america
améríkà	amerika	america
an	bir	him
anabi	peyğəmbər	prophet
anc	qoca	anc
andaman	andman	andaman
angkor	angkor	angkor
anita	anita	anita
anschluss	anschluss	anschluss
apagusu	cənub	southern
apaguusuilaorun	cənub-qərb	south-western
apaguusuiwoorun	cənub-qərb	part of the south
apailaorun	günəş çıxdı	east side
apaiwoorun	qərb	eastern side
aparapo	birləşmə	confederation
apeja	balıqçı	fisherman
apeere	misal üçün	example
apis	apis	apis
apòmù	önlük	apomu
apẹ̀rè	önlük	example
arabu	ərəb	arab
aralíle	tropik	healthy body
arinkankan	bu bir	nationalist
ariso	aris	oral tradition
ariwaarin	orta şərq	mid-north
ariwaguusu	cənub-qərb	north-south
arkansas	arkanzas	arkansas
aroko	bitki örtüyü	composition
aruleyin	salam	carried on the back
arun	xəstəlikdir	disease
aryan	aryan	aryan
aráa	qardaşı	people from
arábíà	əlifba sırası ilə	arabia
aráròmí	salam	araromi
arópò	rüşvət	substitute
arúgbó	qocalıq	elderly
arọ	topal	cripple
asagun	qələbə	intial, first (referring to the 13 colonies)
ascii	öyrənmək	ascii
aseeto	qəsəbə	unfair
aseyori	uğur	success
asipa	sapma	first to kill
assessment	qiymətləndirilməsi	ayewo
asìko	cəfəngiyat	time; ni asiko=when
asèdá	təbii	origination
atangbona	atom	emission
atanna	atom	emitter
atigba	məqbul	from time
atimo	plan	inland
atinrin	gülür	thin
atun	geri dönmək	also
atunse	düzəliş	revision
australia	avstraliya	australia
austriahumgary	avstriyaumqarı	austria-hungary
austronesian	avstraliyalı	austronesian
austríà	avstraliya	austria
avar	avar	avar
awari	kəşf	discovery
awo	boşqab	of
awonara	duyğu	people of
awoòn	şablon	people
awon	onları	they
awuruju	sehirli	shady
awùjo	nəzakət	society
awújẹ	qalmaqal	root
aya	ayə	chest
ayeye	əbədiyyət	celebration
ayàfi	yaxşıdır	only if
ayò	ay	game
azikiwe	ümumi mənada	azikwe
aṣòkan	fərdi	united
baa	edir	be with
babaláwo	bölücü	herbalist
bahrain	bəhreyn	bahrain
balẹ̀	olsun	settled
bang	bang	bang
banle	banle	banle
bara	keçən il	themselves
bauxitealumina	boksitalumina	bauxite/aluminum
bayelsa	bayelsa	beyelsa
bayi	i̇ndi	like this
bayìí	i̇ndi	this
bce	uzaqda	bce
beauharnais	gözəluharnais	beauharnais
beijing	beijing	beijing
belarus	belarus	belarus
belgium	belçika	belgium
bengal	bengal	bengal
bengali	bengali	bengal
benin	dəzgah	benin
berber	berber	berber
berlin	berlin	berlin
bernstein	bernstein	bernstein
bharat	bharat	bharat
bharata	geri qayıt	bharata
bibeli	müqəddəs	bible
biribiri	əzildi	intense
black	qara	dudu
bodies	cisimlər	ara
bojú	bax	take care
bole	bole	ground
bolt	bolt	bolt
bolívar	bolivar	bolivar
brasil	brazil	brazil
brazzaville	brazzaville	brazzaville
bridgeport	bridgeport	bridgeport
britain	britaniya	britain
brítánì	i̇ngilis	britain
bu	yəni	give
buenaventura	buenaventura	buenaventura
bujumbura	genişlənmişdir	bujumbura
burúkú	pis	bad
by	tərəfindən	does not translate directly, does not exist
bàbá	ata	father
bákannáà	həmçinin	likewise
bálè	şar	lying on the ground
bárakú	asılılıq	habitual
báyìí	i̇ndi	this
bèrẹ̀	silkələmək	started
béè	elə bunun kimi	than
bòtswánà	avtobus	botswana
búburú	pis	bad
búrú	cəsarətli ol	wicked
bẹ̀rẹ̀	başlamaq üçün	started
bẹ́	qırdı	also
bẹ́ljíọ̀m	beril	belgium
bẹ́ẹ̀ni	bəli	yes
bẹ́ẹ̀sìni	bəli	that is it
cairo	qəzəb	cairo
calabar	saqqız	calabar
canaria	kanariya	canaria
cape	kape	cape
casablanca	kasablanka	casablanca
caslon	kazino	caslon
cathedral	kafedral	cathedral (katidral)
catherine	ketrin	catherine
cauchy	çuxur	cauchy
cbc	cbc	cbc
chamorro	çobanyastığı	chamorro
charles	çarlz	charles
chaskalson	chaskalson	chaskalson
chebbi	düşün	chebbi
cherished	əziz	mu lokunkundun
china	çin	china
cipollone	sipollon	cipollone
clear	aydın	danmanran
code	kodu	code
coetsee	coetsee	coetese
coloured	rənglidir	alawo dudu
coming	gələn	yo jade
compared	müqayisə etdi	does not directly translate
computers	kompüterlər	komputa, ero ayarabiasa
csto	csto	csto
ct	ct	ct
cunha	boğaz	cunha
da	və	back; but in this form it is unnecessary
dagbasoke	böyümək, inkişaf etmək	developing
dandan	məcburidir	a must
dani	tutan	hand-held
darapo	qoşulmaq	joinedd
daru	məhv etmək	scattered
dates	tarixləri	pada si
delhi	etmir	delhi
denver	denver	denver
des	des	des
describes	təsvir edir	se apejuwe (apejuwe=description; se prefix makes it a verb)
desmond	çömçə	desmond
development	inkişaf	idagbasoke
didagba	bərabərlik	growing
didasile	müəssisə	established
different	fərqli	iyato
din	qızartmaq	reduced
dinwoju	baxmaq	suitable
divoire	divoire	d'ivoire
doju	üzbəüz	face
dojú	üzbəüz	turn face (full phrase is doju ko, to face)
dominic	dominant	dominic
doni	doni	this day
dote	dot	rebel
doublehelix	ikiqat	hiliksi abara meji
doublestrand	ikiqat	double-strand
dover	dover	dova
du	du	hustle
due	görə	nitori
dun	dadlı	sound
dàbíi	bunun kimi	like
dàpò	onları əvəz et	mix
dá	yaradılmışdır	intervene
dágbó	qocalıq	forest
dájó	tamam	pass judgement
dálóríi	çox sağ ol	about
dáradára	yaxşı	well
dásà	bir casa	peculiar way of saying
dáwó	bağışlamaq	undertake
dé	gəldi	reach
délànà	prinsipcə	delana
dépò	dərəcədə	to a position
dì	vərəq	be
dìde	yaranır	stand
dìró	sağda	hang on
dìtẹ̀	fitnə	rebel
díè	gərgin	few
dóko	yaxşı	upstanding
dólà	yaxşı	dollar
dún	səs	sound
dúró	durmaq	stand (been in existence)
dọ́gba	bərabərdir	equal
ea	bəli	ea
eba	eba	shore
ebi	ailə	family
ecomog	ekomog	ecomog
ede	dil	language
efrem	effem	efrem
egba	tamamilə	cane
egbe	silah	group
egberundun	min il	a thousand year
egbo	yara	brother
egbé	vay	party
egbò	yara	chemicals
egbògi	tibbi	don't know this
eighteen	on səkkiz	ejidinlogun
eka	kompleks	branch, department, part
ekeji	başqa	second
eko	təhsil	lagos
elede	donuzlar	speaker
eleyi	bu	this
eleyii	bunun kimi	this
elláda	yaradılması	ellada
eléde	mücərrəd	pig
eléré	idmançı	performer
elòmírà	dəniz yosunu	freedom
elòmíràn	başqa	another person
emerging	yaranan	ibere-pese
emmanuel	emmanuel	emmanuel
enikéni	hər kəs	whoever
enter	girmək	wole
enì	fil	person
eníbá	hərarət	such person
epa	fıstıq	groundnut
ernst	ernst	ernst
erofo	çöküntü	swamp
erékùsù	ada	island
eréonítàn	qısaltma	written play
eseese	diaqram	step by step
esia	gəlir	asia
esteri	esteri	ester
etisalat	etisalat	etisalat
etymologiae	etimologiae	etymologiae
etíòkun	sahil	beach
euro	avro	euro
euroasia	avroaziya	uro-esia
ewe	yarpaq	ewe
ewé	yarpaq	leaf
ewì	şeir	traditional poem
example	nümunə	apere
eya	kateqoriya	tribe
eyin	yumurta	previous
eyonomba	eyonomba	digit
eléja	balıqçılıq	fisherman
elòmíràn	başqa kimsə	another person
eka	təsiri	branches
eléyàmèyà	etnik	tribalism
enu	ağız	mouth
esin	din	horse
esè	gəlir	leg
ewà	davranış	beauty
fagile	ləğv edildi	cancel
fail	uğursuz	padanu
fan	fanat	spread
faramó	yapışmaq	accept
faranse	fransız dili	french
farsi	arti	farsi
felifeli	məxmər	fuming
ferde	ferde	verde
fesèmúlè	müvəqqəti mənbə	established
fe	istədi	want
fi	yadda saxla	by
fifihan	göstərən	revealed
fihan	göstərilmiş	shows, to show
fimú	kəskin müəyyən edilmişdir	captivate with
finiki	fizika	finiki
finlandi	finlandiya	finland
fitino	sınaq	judgement
five	beş	marun
fodio	fodio	fodio
fofinde	qadağan	prohibited
fohùn	qışqırmaq	consent
foniimu	film	phoneme
force	güc	agbara
foriko	misal üçün	agreed
fourbase	dörd baza	onidi-merin
fowobowe	sifariş	signed
fowó	pul üçün	sign
fracmv	fracmv	does not translate
francis	frank	francis
fransi	fransız dili	france
freetown	sərbəst	freetown
fuji	çıxarın	fuji
fulani	qorxaq	fulani
fulbe	ful	fulbe
fun	üçün	for
funra	özü	suspect
further	daha	si
fé	fé	like
fé	fé	want
fégbé	unut onu	for peers
fífò	uçan	jumping
fífún	verən	giving
fòye	başa düşmək	rationalise
fẹ́rẹ̀ẹ́	təxminən	nearly
galatia	bu vaxt	galatia
gba	razılaşmaq	accept
gbajúgbujà	çox məşhurdur	popular
gbale	populyarlıq	flourished
gbaná	vurmaq	engulf in flame/rage
gbe	aparmaq	set up
gbera	irəliləmək	move
gberasoke	sürətlənmək	rising
gbese	borc	debt
gbigbamulo	istismar	adopted
gbigbewo	maliyyələşdirmə	examined
gbilè	çıxmaq	gaining ground
gbin	əkilib	farm
gbogbogbo	ümumi	general
gbongbo	kök	root
gbàgbọ́	inanmaq	believe
gbàgùrà	silkələdi	gbagura
gbá	qarmaqarışıq	received
gbáradì	qalx	prepare
gbé	yaşamaq	convey
gbédìí	qurmaq	respect
gbékalè	dülgər	establish
gbéni	yaşamaq	lift
gbéyèwò	baxış-icmal	examine
gbésè	təklif	die
gbìnyànjú	cəhd edin	endeavour
gbìyànju	çox çalışmaq	try
gbódò	olmalıdır	must
gbónmisi	qanun	strife
gbúnùn	iy	hostile
gbọ́dọ̀	olmalıdır	must
geesi	i̇ngilis	english
geneva	cenevrə	geneva
genevieve	genevieve	genevieve
georgia	georgiya	georgia
german	alman	german
gfaj	gfaj	gfaj
ghana	gana	ghana
gidigidi	çox	significantly
gidí	ev	real
goemai	goemai	goemai
gomina	qubernator	governor
gorgina	qartal	gorgina
gquadruplex	gquadruplex	g-gigalonomerin
grammy	qrammatika	grammy
griiki	yunan	greek
groove	çuxur	iho
guanínì	guanni	guanine
guinea	qvineya	guinea
guineabissau	guineabissau	guinea bissau
guinébissau	guinébissau	guinea bissau
gun	uzun	stretch
gunle	silah	arrive
guusu	cənub	south
gv	gv	gv
gèésì	yapışqan	english
gèésì	gem	english
gégé	həqiqətən	like
gírámà	qarmaqlar	grammar
gòkè	qalxmaq	climb
gún	deşildi	properly
gúúsù	cənub	south
gẹ̀ẹ́sì	i̇ngilis	english
habsburg	habsburg	habsburg
haggai	bələdçi	haggai
haiti	haiti	haiti
halomonadaceae	halomonadaceae	halomonadaceae
hard	çətin	lile
haughton	qaqaş	haughton
hausafulani	hausafulani	hausa fulani
hawaii	həvayi	hawaii
heinrich	heinrix	heinrich
hendu	konfet	hendu
henny	heqiqeten	henny
heraklion	heraklion	heraklion
hesse	razılaşdı	hesse
him	ona	un, this term is sexless
hindu	hindu	hindu
histoni	histoni	histones
hominidae	hominidae	hominidae
hosea	hosea	hosea
hp	hp	hp
hugh	qucaqlamaq	hugh
hun	ovlamaq	knit
hungari	aclıq	hungary
hv	hv	hv
ibalo	iş	relationship
ibarepo	dərnək	friendship
ibeji	əkizlər	twins
ibewo	gəlib	visit
ibiamusin	ziyarətgah	colony
ibile	ənənəvi	municipality
ibimo	doğuş	birth
ibise	çalışmaq	official
ibiti	yerlər	where
ibn	ibn	ibn
ibojì	məzar	burial ground
ibori	örtük	conquest
ibujoko	dəzgah	place of abode
ibuseripadabosi	təzminat	eternity
ibuso	dalaşmaq	bus stop
ibùdó	düşərgə	settlement, seat of, area,
ibùjókòó	oturma	settlement
iceland	iceland	iceland
idagbasoke	inkişaf	development
idagbe	laqeydlik	isolation
idaji	yarım	half
idajo	ədalət	judgement
idamita	çəkmək	sector
idari	nəzarət edir	control
ideraa	yazmaq	comfort
idimule	həbs	establishment
idoma	rəsm	idoma
idupe	çox sağ ol	thanksgiving
idánwò	sınaq	examination
ifija	balıqçılıq	weapon
ifilole	başlamaq	resolution
ifitonileti	məlumat	reporting
ifobaje	korrupsiya	coronating
ifofinde	qurultay	prohibition
ifriqiya	stimullaşdırma	ifriqiya
igbeduro	hazırlıq	institute
igbegun	qələbə	declaration of war
igberiko	şəhərətrafı	region
igbesoke	yüksəltmək	upliftment
igbeyawo	toy	marriage
igbowolori	bahalı	inflation
igbá	toyuq	shell
igbáẹ̀yìn	sonuncu	shell
igitòròmogbè	genişzolaqlı	willow tree
ihan	görünür	ray
ihinrere	müjdə	gospel
ijagun	mübarizə	war
ijakadi	mübarizə	wrestling
ijaya	təlaş	fear
ije	hərəkat	eating
ijinnasi	fizika	the wind open
ijosin	ibadət etmək	worship
ijó	rəqs edir	dance
ikan	biri	one of
ikandinlogun	on səkkiz	nineteen
ikaowo	hörmət	finger
ikejidinlogun	on səkkiz	eighteen
ikeko	tərtib	education
ikerin	dördüncü	fourth
iketa	varis olmaq	third
ikoenu	qorumaq	union
ikojopo	akkumulyasiya	collection
ikoreokere	məhsul yığımı	migration
iku	ölüm	death
ikúgbaèyí	i̇ndi	death-has-this
ikún	doldurma	squirrel or wild rodent
ilagbolojo	aşkarlıq	latitude
ilana	proseduru	procedure
ilanaoye	strategiyaları	knowledge procedure
ilaodo	qorumaq	cana
ilaorun	günəş çıxdı	west
ileasofin	qanunverici	house of law,
ilegiga	ev	higher ground or higher plain
ileife	laqeydlik	ile-ife
ileigbimo	razılıq	house of assembly/congress
ileobaluaye	dünya	high chief
ileru	soba	volcanic
ilopo	ikiqat	times
iluoba	vətəndaşlıq	king's town
iluorilejoba	qloballaşma	capital city
ilé	ev	house
iléayé	ev	earth
iléisé	ev	workplace
ilélódò	ev	ile-lodo
iléàtèéré	ev	ile-ateere
iléńlá	həyət	ile-nla (area)
ilẹ	torpaq	land
ilẹ̀ayé	yer kürəsi	the world
iminle	həbs etmək	earthquake
imoero	işıqlandırma	engineering
imojuto	qayğı	protection
imusin	çəkmək	colony
imú	burun	nose
imúnisìn	gigiyena	slavery
inagberingberi	fıstıq yağı	electromagnetic force
indeed	həqiqətən	paapa julo
indus	indus	indus
inkosi	haqq qazandırmaq	inkosi
integration	inteqrasiya	ifowosowopo
inágbéringbérin	on yeddi	electromagnet
iní	miras	possession
inúnibíni	təqib	hatred
ioja	balıq	fight
ioniani	ehtiyaclı	ionian
iowa	yer üzündə	iowa
ipare	solğun	abolition
ipawo	istifadə edir	income
ipele	səviyyə	stage
ipin	fəsil	share
ipinpa	iştirak	arm of, branch of
ipinu	qərar	determination
ipo	yeri	position
ipá	güc	effort
iraja	şokedici	bargaining
iranlose	yardım	mission
ire	satış	you
irele	təvazökarlıq	irele
iringa	sarmaq	iringa
irisi	görünüşü	appearance
irorun	çox sadə	convenient
irò	söz-söhbət	iro
irúnmọlẹ̀	ildırım	apparition
isa	yetər	jesus, isa or yisa is hausa language
isare	sürətlənmə	track race
isedaniloro	özünə şübhə	terrorism
iseero	baxın	engineering
isejoba	idarəetmə	governance
iseoba	on beş	civil service
iseoroayeijoun	arxeologiya	archaeology
iseowo	biznes	business
isepinpin	paylanması	division
iso	gəlmək	unit
isoponomba	isoponomba	addition of numbers
isun	axın	spring
isesi	təslim olmaq	conduct
isè	xidmət	occupation
itali	i̇talyan	italy
itanakole	hekayə	ancient
itelentele	açıq şəkildə	coming after
itiraka	mübarizə	effort
itobi	lovğalanmaq	size
itokowo	biznes	economy
itorawo	liberal	astrology
itu	atmaq	solution
itumo	məna	meaning
iwadi	tədqiqat	research
iwasi	heyran et	behaviour
iwifun	məlumat	report
iwoile	ev	entering
iwosan	şəfalı	healing
iwulo	faydalıdır	use
iwuwa	təcrübə	behaviour
iyan	aclıq	argument
iyato	fərq	difference
iyawo	gəlin	wife
iyen	yəni	that
iyán	parıldayan	pounded yam
iḷẹ̀	işləmək	land
iṣẹ́ìwádìí	tədqiqat	research
jabo	hesabat	give account
jackson	cekson	jackson
jadide	gözlə	emerge
jagbe	azmaq	shout
jalè	oğurluq	steal
jamaica	youtube	jamaica
jamo	çıx get	link
jawaharlal	yelləncəklər	jawaharial
jeffrey	jeffrey	jeffrey
jeometri	həndəsə	geometry
jesu	i̇sa	jesus
jfk	jfk	jfk
jije	olmaq	existing as
jijinna	uzaqda	distance
jiròrò	dumanlı	dialogue
jo	sızmaq	days
jogun	irsi	inherit
johann	cəhənnəm	johann
johanu	üzr istəyirəm	john
jojo	qırıq	great extent
jopò	qoşul	gathered
jo	john	resemble
juneau	iyune	juneau
jàgídíjàgan	zorakı	violent
jáde	ortaya çıxmaq	out
jé	gəl	is
jéésù	i̇sa	jesus
jìnnàa	uzaqda	further
jíje	olmaq	eating
jíjuwó	pul qazanmaq	waving hands
jíjéomoléyìnkírísítì	bir xeyriyyəçi kimi	followers of christ
jùlo	daha çox	most
jùlo	xüsusilə	most
jùló	ən çox	most
jẹ́mánì	alman	germany
jọ́	xahiş edirəm	together
kadara	aktiv	destiny
kagera	öyünən	kagera
kakiri	iz	all over
kalinga	cinga	kalinga
kalẹ	kənara yığmaq	established
kampala	qucaqlamaq	kampala
kan	a	one
kankan	heç biri	any
kanlè	kanal	established
karbonumarun	mərkəzdən	5 carbon
karl	karl	karl
karun	beşinci	fifth
karùún	beşinci	fifth
kebbi	tənzimlənən	kebbi
kekere	kiçik	lower
keko	savadlı	learn
kept	saxlanılır	fi pamo
khoisan	alçaq	khoisan
ki	belə et	not
kiakiajulo	ən tez	rapidly
kiko	gətirir	gathering
kikojo	tərtib	gathering
kikopomo	isti	mixed
kikoso	sürətli	colonised
kiko	öyrənmək	making
kikuninu	təsəvvür edin	size
kilhar	qoltuq	kilhar
kinkinni	az şey	small quantity
ko	və ya	don't
kodò	aşağıda	bow
koidu	koidu	koidu
kojá	xaç	pass
kolo	kolo	going
komputa	kompüter	computer
kong	kong	kong
kongo	prezervativ	congo
kookan	bu	one
koto	yemi	pit
koko	öyrənmək	make heap
ko	ko	learn
kori	artıq yox	not found
krio	krio	krio
ku	sən	remain
kwara	ünvanlandı	kwara
kàríbẹ́ánì	bölgədə	carribean
kàyéfì	görəsən	amazement
ká	of	we
kánfinkése	yavaş	prolonged
kánádà	əlbəttə	canada
káyé	dünya	world
kéesì	gülünc	keesi
kékéèké	kiçik	small
kétu	hazır olun	ketu
kémíkà	əksinə	chemical
kéyìn	sonradan	come after,
kìnní	əvvəlcə	first
kí	salamlayin	not
kíko	təhsil alır	written
kíkọ́	öyrənmək	learning
kínu	öpmək	greet
kírísìtì	milad	christ
kòjòkú	yağış	kojoku
kòkó	siçan	cocoa
kòmpútà	kompüter	computer
kòtò	bir çuxur	pit
kòòsí	bu deyil	coaching
kòòkan	hər biri	each
kógo	şöhrət	glorious
kóra	toplamaq	participate
kùkú	hər şeydən sonra	eventually
kùrání	quran	quran
kúkú	hər şeydən sonra	now
kúkúrú	bir sözlə	short
kúrò	uzaqda	away
kútò	hər şey	kuto (place)
kúùkù	əksinə	punches; expression meaning 'by force' (ti pa ti kuuku)
kẹrin	dördüncü	4
kẹsàán	dərhal	ninth
kẹta	üçüncü	third
kẹ́nyà	ayrılıq	kenya
kọjá	keçmək	pass through
kọ̀mpútà	kompüter	computer
kọ́kọ́	əvvəlcə	first
kọ́lọ́mú	sütunlar	breast owner
kọ́ni	olmaması	teach
laa	çıx get	will
laada	vurmaq	good fortune
laaka	tərs	important
laarin	daxilində	between
labalaba	kəpənək	butterfly
labee	altda	under
lade	lad	crowned
laid	qoydu	tele
laifi	nöqsan	without
languages	dillərdə	ede
lanka	lanka	lanka
lasile	buraxmaq	laid out
latibe	oradan	from there
latigbana	o vaxtdan bəri	from then on
latini	latın	latin
latvia	latviya	latvia
lay	yatmaq	da
le	bacarmaq	can
leboa	lebo	leboa
lekun	şiddətləndi	open door
leo	leo	leo
lese	post	firmly
less	az	okeresi
lewaju	irəli	front
lewon	həbs	imprisonment
leyi	bax budur	mispelled...should be 'leyin', after
leè	bilər	can
lilelile	ağır sikişmə	tightly
lilemo	sirr	sticky
lilongwe	lilongwe	lilongwe
lindi	şir	lindi
linear	xətti	dogba
links	bağlantılar	eka; this is a new word and does not really exist in yoruba
lodo	yer almaq	from
lojowaju	gələcəkdə	the future
lojukokoro	acgöz	covetousness
lojúgun	qırıb	knee
lokunkun	enerjili	in the dark
loloselu	siyasi	in politics
lopolopo	çox	so many
loruko	adı	name
louvre	şir	louvre
lovers	sevənlər	awon olufe
low	aşağı	diye
lo	davam et	than
luanda	luanda	luanda
luther	lüt	luther
lynton	lynton	lynton
làgba	bərabərdir	more important
lààmi	işarəsi	sign
lààmì	əlamətləri	significant
lábé	çəki	under
láfún	verilmişdir	cassava food
láimo	olmadan	unknown
láké	ucadan	in ake
lámọ́di	bəxt	lamodi
lápá	hissəsi	from
lára	incidir	part of
lárúbáwá	təbii	arabic
láì	olmadan	without
láíláí	heç vaxt	old
lèe	bacarmaq	can
lèyìn	sonradan	after
lédè	dildə	language
léebá	təsadüfən	catch up with it
lérìnín	qar	erin=laughter; the prefix 'l' is possesive
lérò	səbəb	thought
léyin	sonradan	after
léyìn	sonradan	after
lérú	köləlik	enslave
lílo	istismar	using
lísa	sürətlənmə	a chieftaincy title
lítésò	ləkələnmək	literature
lóde	kənarda	modern
lópez	nipez	lopez
lópó	dul	widow
lórì	liman	on the head
lóríba	üzərində	subdue
lóti	çox	have
lóòótò	bəli	truly
lóòótọ́	həqiqətən	truly
ló	ló	to
lónà	yolda	in a way
lórò	sabah	become wealthy
lọndọnu	london	london
lọ́dọọdún	hər il	yearly
lọ́jà	bazarda	in the market
maapu	xəritə	map
madeira	beira	madeira
mahatma	mahatma	mahatma
makedonia	makedoniya	macedonia
malabo	bal	malabo
malay	fərz etdi	malay
malayopolynesian	malayopolynesian	malayo-polynesian
malaysia	malaysia	malaysia
mali	gün	mali
mango	manqo	mango
manˈdeːla	manˈdelala	mandela
marcellus	marcellus	marcellus
march	mart	march
marku	bu vaxt	mark
mars	mars	mars
maryland	maryland	maryland
maseru	qısqanclıq	don't be slave
matheu	matheu	matthew
mathiew	riyaziyyat	mathiew
mathimatiki	riyazi	mathematics
max	maksimum	max
maya	yox	maya
mbabane	mənfi	mbabane
means	deməkdir	ona (way)
mediteraneani	aralıq dənizi	mediterranean
mefeefa	əsaslı təmir	all six
mejidinlogbon	iyirmi səkkiz	twenty eight
mejila	on iki	twelve
meksiko	meksika	mexico
melo	nə qədər	some
member	üzvü	ara
mercosur	merkosur	mercosur
merin	dörd	four
methodologies	metodikalar	anaoniruuru
metropoli	metropoli	metropolis
meucci	meucci	meucci
mewar	mewar	mewar
mexico	meksika	mexico
michelle	mişar	michelle
micronesia	mikronesiya	micronesia
miiràn	rahatlaşdırmaq	another
mimoy	mimoy	mimoy
mimuwa	yapışmaq	import
minnesota	minnesota	minnesota
minority	azlıq	awon ara kekere
mohandas	mohandas	mohandas
mokaleladota	yığcam	51, (mokanleladota)
mokanlelogbon	otuz iki	thirty-one
mombasa	mombasa	mombasa
monrovia	monroviya	monrovia
morgan	morqan	morgan
morogoro	motorlu	morogoro
mozambique	mozambik	mozambique
mozilla	mozilla	mozilla
mtn	mtn	mtn
mtwara	yenidən seçin	mtwara
mughal	həcmi	mughal
mulẹ̀	qurmaq	establish
munispal	munispal	municipal
muungano	muungano	muungano
májèmú	fikirləşmə	testament
mère	rəsm	significant
méjèèjì	hər ikisi	the two
mérindíláàdóta	əlli beş	forty-six
méte	beş	lip
mérìndínlógún	on altı	sixteen
mérìnlélógójì	qırx dörd	44
méta	üç	three
métèètà	dülgər	the three
méwàá	on	ten
ménu	fikirləşirsən	verbally contribute; complete phrase= me nu ba
mímọ́	müqəddəs	holy
míràn	başqa	other
míìrán	başqa	other
mííràn	başqa	other
mò	bilik	know
mókólà	yapışqan	mokola
móra	müalicə	with themselves
mó	m	with
múlẹ̀	möhkəm tut	select land (farmland)
mẹ́fà	altı	6
mẹ́rkúríù	siçan	mercury
mẹ́ta	üç	3
mẹ́talọ́kan	üçlük	trinity
namibia	gəlmək	namibia
nathaniel	nataniel	nathaniel
nato	nato	nato
nawojulo	çaşqın	highest-spending
nawó	pulunu al	point finger
ncnc	ncnc	ncnc
nebraska	nebraska	nebraska
nefimu	nefim	nefimu
neptune	neptun	neptune
nevis	nevis	nevis
ngbero	planlaşdırılır	planning
ngubengcuka	ngubengcuka	ngubengcuka
nibe	orada	there
nibere	erkən	earlier
nigbakan	bəzən	at one time
nigbà	sonra	when
nijẹr	nike	niger
nilè	burada	remaining
nisinyi	i̇ndi	at present
nitoriidieyi	buna görə	because of this
nitoripe	çünki	because
nitosi	yaxınlıqda	nearby
niwaju	qabaqda	in front of
niyato	fərqləndirmək	unlike
niye	yetər	in number
niyi	bax budur	these
nkan	şey	things
nkàn	xərçəng	something
nnaji	əmi	nnaji
nobel	nobel	nobel
nombamewa	çoxalmaq	decimal
nombáméjì	ilk iki	two-number
novo	novo	novo
nri	yemək	nri
nse	dizayn	acting
nso	yaxınlığında	saying
nsolaboraro	təhlükəsizlik	nso laboraro
nsowikipedia	obowikipedia	saying
ntoka	nöqtə	indicates
nu	təmiz	in
nukleotidi	nukleotid	nucleotides
nukleotidipupo	nukleotid	cell
numeri	uyuşma	numbers
nwa	bala	drill
nàìjíríà	nigeriyada	nigeria
náwo	xərc	spend money
náà	də	that
nì	dağ	is
nìnú	üzr istəyirəm	in
nìyí	bu odur	this is
ní	var	on
níbè	orada	there
níbè	orada	there
nífẹ̀ẹ́	sevmək	love
nígbàtí	nə vaxt	when
nílè	aşağıda	on the ground
nílùú	şəhərdə	in the town
nílẹ̀	yerdə	in the land
nínlá	əla	large
nínu	şans	in
níní	varı olmaq, malik olmaq	having
nípà	ən azı	by
nítorípé	çünki	because
nítumò	məna	meaningful
nítòsí	yaxınlıqda	nearby
nítòótó	tam olaraq	truly
nítòótọ́	həqiqətən	in truth, truthfully
níwájú	qabaqda	in front
níyanjú	müsbət	solved
nǹkan	şey	things
nso	tezliklə	say
oba	obama	king
obairanderan	əmiuşağı	hereditary
obere	kiçik	started
obínibí	nəzakət	inborn
ododo	salehlik	righteousness
ofin	qanun	law
ogbè	bölgə	a divinity
ogun	müharibə	war
ogunlogo	izdiham	hundreds
ojo	oxşamaq	day
ojojumo	gündəlik	daily
ojoru	isti	wednesday
ojukokoro	tamahkarlıq	covetousness
ojuoorun	qürub	atmosphere
ojuse	məsuliyyət	responsibility
ojùkòsì	yağıntı	ojukosi
ojùkòtúu	yağıntı	ojukotuu
ojúlùmọ̀	tanışlıqlar	acquaintance
ojútáyé	özlülük	public
ojúìwé	səhifə	page
okeere	xarici	distant
okhotsk	oxotsk	okhotsk
oko	sahə	farm
okunkun	qaranlıq	darkness
okunrin	kişi	male person
olodiajodojuko	bir-birinə	facing wall
olohun	sahibləri	god
olojukanna	dərhal	same surface
olokunkun	qulaqlıq	popular
ololugbe	itirən	occupants
olopon	təkəbbürlü	a local game
olora	yağ	fertile
oloselukan	salam	one political
oloye	dahi	chief
oluda	yaradıcısı	creator
oludase	istehsalçı	separatist
olukoitan	təlimatçı	the writer
olukowe	müəllif	writer
olumojuto	acgöz	overseer
oluparapo	birləşmə	joint
olusoju	gözətçi	ambassador
oluwakiri	kəşfiyyat	explorer
olympus	olimpiya	olympus
olódùmarè	uca	almighty god
olóyè	hökmdar	chief
olóṣèlú	siyasətçi	politics
olùbátan	bu əlaqə	relative
olùdarí	bir lider	director
olùkópa	töhfə verən	participant
olùkó	təlimatçı	teacher
olùkọ́	müəllim	teacher
omi	su	water
omiadalu	sel	mixture
onialjebra	onialjebra	of algebra
onibugbe	icarəçi	population
onigbeja	konstruktiv	allied
onigbowo	sponsor	sponsor
onigunfenfe	passiv	large angle
onilanaibagbepo	prezervativ	constitutional
onilile	ev sahibləri	solid
oninawo	borcalan	financial
onipin	rasional	even
onisayensi	texnoloq	scientific
onisowo	tacir	trader
oniyewumeji	ikili	two-chamber
oniyijulo	zəhmli	highest honour
onje	pəhriz	food
onka	kalkulyator	counter
onígbàgbó	qoca	believer
oníkólóbó	təhqiramiz	onikolobo (place)
onílẹ̀	aşağı	land owners; citizens (omo onile)
oníná	atəş	electronic
onítumò	tərcüməçi	meaning
onítèbọmi	vəftiz	baptist
onítòhùn	mühasib	that person
oníwòsàn	şəfa verən	doctor
oníyanjù	cizgi	persevere
ooni	timsah	ooni (king)
ootọ́	doğru	truth
opec	opec	opec
opposite	əksinə	odi
ori	baş	top
oriire	təbrik edirəm	success
oriki	şərq	name of endearment
orileede	millət	country
orileedeajoba	imperializm	monarchic country
orilejoba	hökumət	seat of government, kingdom
orileominira	isti	republic
orinìyìn	bir mahnı	songs of praise
orisirisi	müxtəliflik	various
orisun	mənbə	source
orisa	mənşəyi	god
oritameta	ortasında	crossway
orudnun	illik	mispelled...should orundun, century
oruko	isim	name
oríilè	milli	land
oríilẹ̀	məqalə	land
oríkì	şeir	family name
orílèèdè	millət	country
orílẹ̀	millət	continent
orílẹ́	axşam	nation
orísiirísi	müxtəlif	various
orísìí	müxtəliflik	type
orísìírísi	fərqli növlər	various
orúko	sahə	name
oscar	oskar	oscar
oseluarailu	mülki	political unit
otherwise	başqa cür	ibaje
otutu	çoxu	coldness
oun	o	it
owojagidijagan	terrorçular	upheaval
oúnjẹ	yemək	food
odún	il	year
ojó	yağışlıdır	day
okùnrín	gülüş	man
olórun	allah	god
olósìn	dindar	rearing
odun	illik	year
olorun	allah	god
omonìyàn	insan	human beings
opolo	çoxu	brain
ose	ose	week
oyé	dünya	harmattan
ofò	sabahınız xeyir	nothingness
opolo	çoxu	brain
paa	söndür	back
paapaa	xüsusilə	especially
padá	pod	go back
palauan	palav	palauan
panaˈma	panaˈma	panama
panyanan	the_space	spanish
papa	papa	specifically
parapọ̀	qarışıq	join
paripari	son	finally
pele	cazibədar	hello
penh	penh	penh
penisula	penisula	peninsula
periferi	periferi	periphery
petu	petu	resolve
pelu	inci	with
phillipines	filipinlər	phillipines
pinsi	azalma	divided
pinsoto	pinoto	separated
pinu	qərarlı	decide
pipo	çox	plenty
pipolongo	reklam	publicise
piposi	çox	multiplication
platos	platoslar	plato's
plánẹ́tì	santexnika	planet
po	po	share
pojulo	ən yüksək	larger
polandi	cilalamaq	poland
polaroid	polaroid	polaroid
population	əhali	ero
portonovo	portonovo	porto novo
portuguese	portuqalca	portuguese
press	mətbuat	press
produced	istehsal olunur	yo
protokolu	protokolu	protocol
proton	proton	kemika alaropo
providence	təminat	providence
príncipe	príncipe	principe
pupa	qırmızı	red
px|kùránì	px | ləpəsi	koran or quran; the px  does not belong
pàmò	xüsusi olaraq	pamo (town)
pàràkòyí	dərhal	parakoyi
pààlà	bir sərhəd	signalised
pàápàá	xüsusilə	especially
pásíà	zirzəmi	persia
pátáporongodo	tamamilə	entire
pè	çağırdı	that
pèhìndà	sperma	turned back
pèlu	ilə birlikdə	with
pèlúpèlú	həmçinin	in addition
pèsè	təmin olunur	provide
pé	ki	that
péré	yalnız	only
péé	ki	that
pípa	qırğın	order
pípèsè	təmin	providing
pípẹ́	uzun	long
pòwe	atalar sözləri	to say a proverb or wise saying
pò	qatlanmaq	join
púpo	həddindən artıq çox	much
púpò	əksinə	a lot
quran	quran	quran
ra	almaq	self
race	irqi	ere
rajya	ümid	rajya
ramadan	ramazan	ramadan
rank	rütbə	ipo
reggae	reggae	reggae
repeats	təkrarlayır	tunso
repetejulo	ən həssas	most of all
rere	yaxşı	success
research	tədqiqat	agbeyewo
richard	zəngin	richard
right|thumb|px|aworan	sağ | baş barmaq | px | şəkil	picture
rinle	yeni	emphasise
riresile	yazıcı	humbled, lowered
riro	təxəyyül	thought as
rn	rn	rn
rna	rna	rna
rnarna	rnarna	rna-rna
rnas	rnas	rnas
ro	düşün	thought
robinson	robinson	robinson
roboto	səthlər	round
rogbodiyan	iğtişaş	riot
rokirika	gəzən	publicise
roko	mob	farm work
roma	roma	roma
rome	xrom	rome
ronald	ronald	ronald
rorùn	asan	easy
rossii	rossii	rossii
rural	kənd	igberiko
ryan	ryan	ryan
ráhàn	ortaya çıxdı	complain
ránmú	narahat	grumble
république	république	republic
ré	c	his/her
rìn	gəzmək	should be orin, song or music
ròyìn	bildirildi	give account
rẹ	onun	it
saarc	çıxarın	saarc
saaree	üstündür	after death
saarland	döşəmədə	saarland
safari	safari	safari
saffana	safir	savannah
safiwe	müqayisə	describe
safta	sıralamaq	safta
saheli	rahatlıq	sahel
sakyamuni	növbəti	sakyamuni
sakyas	sakyas	sakyas
salem	salem	salem
salàyé	həyat	explained
sambia	gənclik	zambia
samioro	mövcuddur	signal
santa	santa	santa
say	deyin	so
sb	sb	sb
schwarz	şvarts	schwarz
sea	dəniz	odo
seat	oturacaq	itedo
segbese	ola bilər	take steps
seidamo	aydın	identify
semolara	astma	accustom
semudaju	əlbəttə	assure
senegal	senegal	senegal
sense	mənada	sensi
seville	sevil	seville
sewadi	axtarış	investigate
sharon	şəron	sharon
sibesibe	hələ	further more
sihamoni	quruluşu	sihamoni
sile	arxada	previously
silè	düşür	on the ground
sinai	günah	sinai
sinsin	din	unshakably
sioux	sioux	sioux
sise	yemək	works
sisodagba	böyümək	came of age
sisopo	əlaqələndirir	joined
sisupapoerekusu	tüpürmək	neighbouring islands
sisupo	çoxaltmaq	concentrated
slovo	slovo	slovo
so	sevgi	turned
sohun	bəli	something
solomon	solomon	solomon
soon	tezliklə	lai'pe
sopin	son	ended
so	belə ki	tells
spectacular	möhtəşəm	damanran
stella	stella	stella
structures	strukturları	igbekale
suez	suez	suez
sugbo	lakin yox	but
sugbọ́n	rasional	but, however
sun	günəş	sleep
suny	günəşli	suny
swahili	suahilicə	swahili
symmetry	simmetriya	ogbooga
sàbúrí	hər şeydən əvvəl	saburi
sàmì	işarə	signalize
sàn	daha yaxşı	flow
sàngó	banda	sango (god of thunder)
sàì	yaxşı	un
sápadè	bu gün	run to
sáàpàdé	sponsorluq	saapade
sáààrin	arasında	between
são	yenisini	sao
sèle	oğurlamaq	down
ségun	ağlamaq	conquered
sénégal	sperma	senegal
séyìn	arxa	back
séyìn	geri	at the back of
sìbẹ̀	hələ	there
sìni	karides	likewise
síbèsíbè	buna baxmayaraq	further more
síbú	yerə	ocean
sílẹ̀	salmaq	drop
síse	işləmək	doing
síso	yenə də	spoken
síso	yenə də	saying
síta	kənarda	outing
síwon	onları	to them
síwájú	irəli	comes before
síí	burada	on it
sòrò	beyin yumaq	talk
sójà	əsgər	soldier
sóko	bitki	to the farm
sùgbón	əksinə	but
sọ	deyin	lose
si	əlbətdə	to
síse	quruluşu	performing
sùgbón	əksinə	but
se	onlar edir	do
sepò	nəhayət	cooperation
sisé	çalışmaq	work
sááju	bir dəqiqə çəkin	before
sísa	s .ía	to be
sísè	tərcümə	step
tabi	və ya	or
tabili	masa	table
tabora	qarşısını almaq	tabora
taino	dino	taino
tainos	tainos	tainos
takuntakun	məhdudiyyətlər	valiant
talaka	kasıb	poor
talika	yoxsulluq	the poor
tara	doqquz	wholly
tata	süzgəc	wildly
taínos	tainos	tainos
technology	texnologiya	tekinoloji
tedo	tanışlıq	stay
teksas	texas	texas
tele	izlə	before
temptation	axtaran	idanwo
terutomo	terutomo	everybody
tfrac	tfrac	tfrac
the	the	does no directly translate
they	onlar	won
those	olanlar	awon
thumb|left|upright|nelson	baş barmağı | sol | dik | nelson	apa osi naro
tira	gərgin	quranic verse
tirana	tirana	tirana
tirè	onun	own
titu	vurmaq	cold (if it's a person's name, it is tutu)
tiwọn	onların	theirs
to	üçün	it
toje	nadir	that is
tokasi	göstərilmiş	pointing to
tokyo	tokyo	tokyo
tolerejulo	dözümlüdür	most profitable
tolórítelémù	xain	all manners of people
tomé	pomidor	tome
tooto	həqiqətən	true
tori	tori	because
torun	kürən	heavenly
toseluaralu	siyasi	political
tounsejanu	faciəli	control
traduite	traduite	traduite
translated	tərcümə olunub	tunmo
tumosi	deməkdir	means
tuntun	yeni	new
tàsí	olmadan	or
tàwon	onları	theirs
táawà	rüku etmək	we
tèlé	izlə	before
tètè	tez	quickly
tèlé	dərhal	follow
tèsíwájú	tərəqqi etmək	progress
té	t	follow
télè	tərəfindən	before
té	t	shamed
títi	bağlı	till
títèlé	izləmək	following
títío	qədər	until
tíátà	biletlər	theater
tíórì	şinlər	that is seen
tò	dəsti	enough
tóbi	böyük	big
tódárajùlọ	ən yaxşı	most beautiful
tókù	istirahət	others
tówùú	istənilən miqdarda	whatever
tó	tó	taught
tóka	sitat gətirir	pointed
tú	tökmək	untie
túmò	gavalı	means
túnse	yenidən təşkil etmək	restructured
tẹ̀ǹbẹ̀	sonra	rivalry
tẹ̀ǹbẹ̀lẹ̀kun	fitnə	bitterness
ucb	ucb	ucb
umueri	uşaqlar	umueri
unifasiti	universitet	university
unla	bəli	great
urasílì	uracil	uracil
uribe	aura	uribe
usps	usps	usps
utah	utah	utah
utc	utc	utc
uzbek	yol	uzbek
venezuela	venesuela	venezuela
vermont	vermont	vermont
victor	qalib	victor
videos	videolar	fidio
vihara	vihara	vihara
villa	villa	villa
viruses	viruslar	awon eran
visit	ziyarət	ibewo
vz	vz	vz
waa	bu	ours
waju	üz	future
wari	iy	once existing
westminster	westminster	westminster
wisconsin	wisconsin	wisconsin
witkin	ciyər	witkin
wiwari	kəşf	discovered
województwo	dəlilik	wojewodztwo
wole	daxil ol	into
woo	woo	look
wo	burada	enter
wo	burada	look
won	onları	they
wura	qızıl	gold
wyoming	wyoming	wyoming
wàásù	təbliğ etmək	preach
wì	yuyun	that
wípè	aydınlıq	that
wòfún	nəzər	convenient
wònyí	bunlar	these
wón	onları	they
wúnrèn	çalışmaq	small amount
wọn	onları	they
wọ̀nyí	bunlar	these
xd	xd	xd
xiv	xiv	xiv
yafran	əlifba	yafran
yakubu	yakub	yakubu
yan	seçin	choose
yanjú	həll etmək	solve
yanturu	bol	abundant
yaoundé	yaoundé	yaounde
yewo	təkmilləşdirilməsi	examine
ye	bəli	suitable
ye	bəli	should
yindinyindin	heç vaxt dayanma	brightly
yio	edəcək	will
yiowu	olacaq	any
yipada	fırlanmaq	change
yiyafunnilo	eroziya	borrow
yoo	edəcək	will
yori	rəhbərlik etdi	result
york	york	york
yorúbà	qatıq	yoruba
yo	yo	remove
yànan	heyrət	scattered
yàtò	qurmaq	other than
yára	tələs	quickly
yèwò	baxmaq	examine
yée	onlara icazə ver	eplained to
yì	get	this
yìí	bu	this
yí	fırlanmaq	this
yíyípadà	dəyişmək	changed
yíì	sən ... əcəksən	this
yíò	olacaq	it will
yẹ̀ẹ́	y&#39;tanımaq	check
yọ	çıxarın	bring out
zanzibar centralsouth	zanzibar centralsouth	zanzibar centralsouth
zdna	zdna	z-dna
zou	zou	zou
zscores	zscores	z-scores
zy	zy	zy
 bce	uzaqda	bce
àbe	baboon	under
àbámẹ́ta	bazar ertəsi	saturday
àbáyo	təklif	breakthrough
àbìkú	ölümsüzlük	'born to die' child
àbọ̀	yarım	result
àdámò	gizlilik	earmark
àdátá	əksinə	adata
àdáátán	müstəsna	adaatan
àdóolóró	yağ	bomb
àgbàjọ	qoca kişi	assembly
àgbàrá	sel	power
àgbáríjọ	təşkilat	combination
àgbékà	mücərrəd	suitable
àgbéyèwò	baxış-icmal	examination
àgbìgbò	qonşuluq	a type of bird
àgbùdo	həyət	corn
àgọ́	çadır	ago
àifète	məqsədi	unable to keep quiet
àjo	səyahət etmək	board
àjákọ	ayrı	ajako
àjọṣepọ̀	sosial	union
àkosílè	mücərrədlik	written
àkosílè	tezis	written account
àkàrà	tortlar	bean pudding
àká	rəflər	store
àkójopò	qrup	collection
àkókó	vaxt	previous
àlàkalè	qollar	breakdown, explanation of actions
àlàyé	məlumat	explanation
àlàáfíà	barış	peace
àlááfià	bənzətmə	wellbeing
àlè	bədxah	mistress, concubine, (side booty)
àlèpò	yuxarıda	joined together
àlébù	ləkə	ills
àmérìkà	fövqəltəbii	america
àmì	qeyd	sign
àmúlò	praktik	synonyms
àmúsorò	psixologiya	resources
ànfàní	fürsət	opportunity
àpapọ̀	bütünlüklə	federal
àpeere	nümunə	example
àrígbámú	narahat edir	assistant
àrùn	xəstəlikdir	disease
àrẹ	prezident	president
àse	ziyafət	authority
àsàjemátèe	şəfəq	cunning
àsèyìn	sonradan	at the end
àsìkò	vaxt	time
àsótélè	uzadılması	prophecy
àsọdọ̀kan	birlik	unitary
àsekúdórógbó	qabıq	do or die
àsà	adət	habit, culture, norm
àtijo	köhnəlmiş	olden days
àtìpó	yad	sojourn
àtòrìnká	ətrafında	urinating while walking
àtúnse	redaktə edin	modification
àtúnse	redaktə edin	renovate, fix
àtẹnudẹ́nu	şifahi	oral
àwon	nəzəriyyələr	they
àwón	pul	the
àwón	pul	the
àwùjo	cəmiyyət	community
ààtò	ritual	suitability
ààyè	diri	space
àárín	ortasında	middle
àáyá	sperma	seconds
àìkó	çatışmazlığı	unlearned
àìní	istəmək	lack
àìròtélè	gözlənilməz	unthought of
àìsí	yoxluğu	lack
án	t	it
áwon	zina	those
èbà	ağcaqanadlar	cassava flour food
èbúté	liman	shore
èdá	yaradılması	creature
èdè	dil	language
èdè	dil	language
èfòn	gərgin	efon
èhìn	növbəti	outskirt
èka	filial	branch
èkejì	başqa	second
èlò	əşyalar	tool
ènìkan	bir şey	someone
èràn	xəstəlikdir	virus
èrò	düşüncələr	thoughts
èsó	məscid	modesty
èsúrú	qarışqalar	yam (indigenous to west africa)
ète	məqsədi	plan
èyì	ləyaqət	this
èka	təsiri	branch
èro	düşüncələr	machine
èrí	dəlil	witness
èsìn	din	religion
èwù	köynək	clothe
èpón	çox	modifier
ìbarà	hərarət	ibara (town)
ìbánisòrò	əlaqə	dialogue
ìbáraeni	vaqon	to themselves
ìbílè	doğum haqqı	local
ìbílè	doğum haqqı	local
ìdàgbà	yetkinlik	grow
ìdàpapọ̀	konsolidasiya	union
ìdàrúdàpò	xaos	misunderstanding
ìdá	qaçqınlıq	division
ìdìmú	pozğunluq	branch, part
ìdíisin	səbəb	idi-isin
ìdíwòn	sənin səbəbin	criteria
ìdó	ləkə	ido (a person's name)
ìfara	işgəncə	self
ìfojúìtànìgbesiayé	həyat tarixi	biography
ìfáàrà	bir keşiş	introduction
ìgbonnìbí jé	fəlakətdir	igbonnibi
ìgbà	vaxt	when
ìgbàgbé	unutqan	forgetfulness
ìgbá	qanadlar	time
ìgbáraga	güc	pride
ìgbéraga	qürur	pride
ìgbésí	həyat	life
ìgbò	ram	igbo people
ìhun	dəmir	things
ìjo	rəqs etmək	church
ìjo	kilsə	church
ìjoba	hökumət	government
ìjora	nifrət	resemblance
ìjìnlè	sirr	comprehensive
ìjìnlè	sirr	mysterious
ìjò	lider	consent
ìjọba	hökumət	government
ìkejì	başqa	second
ìkànna	eyni	ikanna (town)
ìkèrèkú	tıxanma	ikereku
ìkéde	bəyannamə	advert
ìkìjà	bir problem	ikija
ìkìlò	sui-istifadə	warning
ìkínin	altıncısı	greetings
ìkẹrin	dördüncü	fourth
ìkọpa	iştirak	ikopa
ìlera	sağlamlıq	health
ìlo	zəng edin	use
ìlà	kontur	border
ìlànàn	illüziya	procedure
ìlàorùn	qançır	east
ìlàìnàró	zülm	vertical
ìlè	rüşvət	land
ìlé	ev	land
ìmò	ilan	knowledge
ìmò	ildırım	knowledge
ìmóbìdo	doğuş haqqı	imobido
ìmú	burun	knowledge
ìmúnilérú	sui-istifadə	slavery
ìmúsára	gücləndirmək	contagious
ìnagije	qələbə	alias
ìnáwó	xərcləmə	expenditure
ìpolongo	reklam	advertisement
ìpìlẹ̀núkléù	şifrələmə	base
ìpìnlè	başlanğıc	foundation
ìpínrò	bəndlər	economize
ìrànlọ́wọ́	kömək	help
ìrànàna	kömək	path-clearing
ìràwọ̀	ulduzlar	s
ìrí	təcrübə	sight
ìròkò	düşündü	iroko
ìròyìn	xəbərlər	news
ìròyìnwiki	xəbərlər	wikinews
ìròrùn	illüziya	peaceful
ìró	səs	sound
ìrúbo	dağılmaq	sacrifice
ìsawo	kehanet	divinity-practice
ìse	fəaliyyət	behaviour
ìsinsìnyí	i̇ndi	modern
ìsirò	hesablama	adding
ìsomó	qoşulmaq	attachment
ìsàlè	qürub	down town
ìsèlè	istehsal	happening
ìsìn	din	worship
ìsòrò	düşüncə	speech
ìsòrí	bölmə	chapter
ìsú	qalınlığı	lump
ìsọ	dükanlar	stall
ìse	fəaliyyət	work
ìsègbèfábo	çalışqanlıq	female support
ìsèdá	yaradılması	creation
ìsèjoba	hökumət	government
ìsílé	ev	house opening
ìsòro	çətinlik	problem
ìse	fəaliyyət	action
ìta	kənarda	outside
ìtaeko	atelye	outskirts of eko
ìtan	tarixi	story
ìtokò	qazan	story
ìtàn	tarixi	history
ìtànkálé	daşqınlar	spread
ìtèsíwájú	tərəqqi	progress
ìtójú	qayğı	treatment
ìtóju	qarışıqlıq	treatment
ìtójú	üz ifadələri	treatment
ìtóka	döyülmək	dictionary
ìtúmò	tərcümə	meaning
ìtúpalè	tərcümə	exposition
ìwe	müqayisə	book
ìwo	buynuzlar	horn
ìwàásù	təbliğ	sermon
ìwéré	kitabça	iwere (town)
ìwò	ümumilikdə	set
ìwòran	görmə	viewing
ìwúlò	faydalıdır	usefulness
ìya	əzab	mother
ìyapa	ayrılıq	divorce
ìyàwó	gəlin	wife
ìyípadà	dönüşüm	transformation
ìṣèlú	siyasət	politics
ìṣẹ́kù	qalan hissəsi	broken
ìṣọ̣̀tẹ̣̀	sətəlcəm	rebellion
òde	kənarda	society
òdeojú	simasız	surface
òdo	gənclik	zero
òdìkejì	başqa	opposite
òféàrán	bir görüntü	a town name
ògbójú	səlahiyyətli	brave
ògiri	divar	wall
ògo	şöhrət	glory
ògun	dərman	medicine
ògúndìpẹ̀	toz	ogundipe
òjo	oxşamaq	ojo
òjísé	həkim	servant
òkèògbún	min	oke-ogbun
òkòòkan	bir bir	each
òkú	cəsədlər	corpse
òkúta	bir daş	stone
òle	evdar qadın	lazy
òmiràn	sehrbaz	other
òmùàrán	bir görüntü	omu-aran (town)
òní	bu gün	today
òotó	həqiqət	true
òpópóònà	yol	highway
òranyàn	məcburi	a must
òrìsà	bütlər	god
òrí	fəsil	top
òrò	beyin	word
òsán	günorta	afternoon
òsèlú	siyasətçi	politics
òsèré	idmançı	player
òwù	parça	owu
òṣèlú	siyasət	politician
òjògbón	yağışlı hava	learned person
òkan	biri	heart
òkòòkan	bir bir	each
òpòlopò	çoxu	many
òré	oyunu	friend
òfò	növbəti	sorrowful
òpòlopo	çoxu	lot of
òré	oyunu	friend
òrò	düşüncələr	word
òsà	qızıl balıq	lagoon
òwó	pul	hand
òrò	düşüncələr	word
òròàjòmó	səhərlər	part of speech
ó	o	that
óníse	dizaynerdir	stricken
ósírísì	tüpürcək	diverse
ósékú	öldü	die suddenly
ó	bəli	word
ôdún	i̇l	year
únṣẹlẹ̀	zəlzələ	formed
şe	etmək	do
ʔaːnaːtɕɑ̀k	.aːnaːtɕɑɕɑk	not yoruba
ˈøːstəˌʁaɪç	ˌʁstəˌʁaç	austria
ˌkælɪˈfɔrnjə	ɪˈkælɪˈfɔrnjə	not yoruba
ˌæləˈbæmə	xəstəlik	not yoruba
κάππα	.α	does not translate
σ	σ	does not translate
ṣiṣé	açılış	work
ṣàkóbá	zərərli	incriminate
ẹdo	zarafat	edo
ẹlẹ́bùn	hədiyyə	award winner
ẹlẹ́sìn	dindar	religionist
ẹnìkan	bir adam	someone
ẹsẹ	ayaqları	verse
ẹtì	qaraciyər	friday
ẹ̀kaawon	təqdimatlar	branch of
ẹ̀kabrítánì	əmi	part of britain
ẹ̀kajuly	bilər	chapter july
ẹ̀kaoṣù	tikanlı	month
ẹ̀kasístẹ̀mù	subyektiv	sistemu=system
ẹ̀kẹ́ta	üçüncü	third, the third
ẹ̀kọ́	təhsil	teachings
ẹ̀ni	üst	person
ẹ̀rọ	maşın	machine
ẹ̀wẹ̀	digər tərəfdən	leaf
ọbàkàn	yarım qardaşı	step-sister
ọdún	il	year
ọlọ́mọ	uşaqlar	members
ọlọ́run	bir tanrı	god
ọmú	sormusan	breast
ọmọ	uşaq	c
ọn	o	him
ọpọ́lọpọ́	əncir	many
ọ̀dọ́	gənclik	youth
ọ̀gbìn	bitki	seedlings
ọ̀nà	yol	ways
ọ̀pòlòpò	fəaliyyət	various
ọ̀rọ̀	danışmaq	word
ọ̀sẹ	həftə	week
