aajo	smieklīgi	Nan
púpò	drīzāk	None
púpo	pārāk daudz	Nan
pò	salocīt	Nan
pòwe	sakāmvārdi	Nan
pípẹ́	ilgi	None
pípèsè	nodrošinājums	Nan
pípa	kaušana	Nan
péé	ka	None
péré	tikai	None
pé	ka	None
pèsè	ar nosacījumu	Nan
quran	korāns	None
pèlúpèlú	arī	None
pèhìndà	sperma	Nan
pè	sauca	None
pátáporongodo	absolūti	None
pásíà	pagrabs	Nan
pàápàá	īpaši	None
pààlà	robeža	None
pàràkòyí	tūlīt	None
pàmò	konkrēti	None
px|kùránì	px | kodols	Nan
pupa	sarkans	None
príncipe	príncipe	Nan
pèlu	kopā ar	Nan
providence	providence	Nan
ra	pirkt	Nan
rajya	ceru	Nan
rome	hroms	Nan
roma	romi	Nan
roko	mob	Nan
rokirika	pārlūkošana	Nan
rogbodiyan	sacelšanās	Nan
roboto	virsmām	Nan
robinson	robinsons	Nan
ro	domā	None
rnas	rnas	Nan
rnarna	rnarna	Nan
rna	rna	Nan
race	sacensības	None
rn	rn	Nan
riresile	ierakstītājs	Nan
rinle	tikko	None
right|thumb|px|aworan	labais | īkšķis | px | attēls	Nan
richard	richards	Nan
research	izpēte	None
rere	labi	None
repetejulo	visjutīgākais	Nan
repeats	atkārtojas	None
reggae	regejs	Nan
rank	rangs	Nan
ramadan	ramadāns	Nan
riro	iztēle	None
ronald	ronalds	Nan
proton	protonu	None
produced	ražots	Nan
palauan	palauan	Nan
padá	pāksts	Nan
paapaa	īpaši	None
paa	izslēgt	None
opolo	daudzi	None
ofò	labrīt	Nan
oyé	pasaule	None
ose	ose	Nan
opolo	daudzi	None
omonìyàn	cilvēki	None
olorun	dievs	None
panaˈma	panaˈma	Nan
odun	gadā	None
olórun	dievs	None
okùnrín	smiekli	Nan
ojó	ir lietains	Nan
odún	gads	None
oúnjẹ	ēdiens	Nan
owojagidijagan	teroristi	Nan
oun	viņš	None
otutu	daudzi	None
otherwise	savādāk	Nan
oseluarailu	civilā	Nan
oscar	oscars	Nan
olósìn	reliģiozs	Nan
protokolu	protokolu	None
panyanan	the_space	Nan
parapọ̀	saplūst	None
press	nospiediet	Nan
portuguese	portugāļi	None
portonovo	portonovo	Nan
population	populācija	None
polaroid	polaroid	Nan
polandi	pulēt	Nan
pojulo	augstākais	None
po	po	None
plánẹ́tì	santehnika	Nan
platos	plato	None
piposi	daudz	None
papa	papai	Nan
pipolongo	sludinājums	Nan
pinu	noteikts	None
pinsoto	pinoto	Nan
pinsi	samazinās	None
phillipines	filipīnas	Nan
pelu	pērle	Nan
petu	petu	Nan
periferi	periferi	Nan
penisula	peniula	Nan
penh	penss	Nan
pele	burvīgs	Nan
paripari	beigas	None
pipo	daudz	None
rorùn	viegli	Nan
rossii	rossii	Nan
rural	lauku	None
sìbẹ̀	tomēr	None
séyìn	atpakaļ	None
séyìn	atpakaļ	None
sénégal	sperma	Nan
ségun	raudāt	Nan
sèle	zagt	Nan
são	jaunais	None
sáààrin	starp	None
sáàpàdé	sponsorēšana	Nan
sápadè	šajā dienā	Nan
sàì	labi	None
sìni	garneles	Nan
sàngó	banda	Nan
sàmì	zīme	None
sàbúrí	galvenokārt	None
symmetry	simetrija	Nan
swahili	svahili	Nan
suny	saulains	Nan
sun	saule	None
sugbọ́n	racionāls	Nan
sugbo	bet ne	Nan
suez	suez	Nan
structures	struktūras	None
stella	stella	Nan
sàn	labāk	None
spectacular	iespaidīgs	Nan
síbèsíbè	tomēr	None
sílẹ̀	pievilt	Nan
tabora	izvairīšanās	Nan
tabili	tabula	None
tabi	vai	None
sísè	tulkošana	Nan
sísa	s .ía	Nan
sááju	veltiet minūti	Nan
sisé	trenēties	Nan
sepò	beidzot	None
se	viņi dara	Nan
sùgbón	gluži pretēji	Nan
síse	struktūra	None
síbú	uz zemi	Nan
si	protams	None
sùgbón	gluži pretēji	Nan
sóko	augs	None
sójà	kareivis	Nan
sòrò	smadzeņu skalošana	Nan
síí	šeit	None
síwájú	uz priekšu	Nan
síwon	viņiem	None
síta	ārpusē	None
síso	joprojām	None
síso	joprojām	None
síse	darbs	None
sọ	sakiet	Nan
so	tātad	None
sopin	beigas	None
soon	drīz	None
say	sakiet	Nan
santa	santa	Nan
samioro	pieejams	None
sambia	jaunatne	Nan
salàyé	dzīvi	None
salem	salems	Nan
sakyas	sakjas	Nan
sakyamuni	nākamais	None
saheli	ērtības	Nan
safta	sarindoties	Nan
safiwe	salīdzinājums	None
sb	sb	Nan
saffana	safīrs	Nan
saarland	uz grīdas	Nan
saaree	pārāks	Nan
saarc	noņemt	Nan
rẹ	viņu	None
ròyìn	ziņots	Nan
rìn	iet	None
ré	c	None
république	république	Nan
ránmú	uztraukties	Nan
ráhàn	parādījās	None
ryan	ryan	Nan
safari	safari	Nan
schwarz	švarcs	Nan
sea	jūra	None
seat	sēdeklis	Nan
solomon	salamans	Nan
sohun	jā	Nan
so	mīlestība	None
slovo	slovo	Nan
sisupo	reizināt	Nan
sisupapoerekusu	spļaušana	Nan
sisopo	sasaiste	Nan
sisodagba	pieaugt	None
sise	vārīšana	Nan
sioux	sioux	Nan
sinsin	reliģija	None
sinai	grēks	Nan
silè	pilieni	Nan
sile	aizmugurē	None
sihamoni	struktūra	None
sibesibe	tomēr	None
sharon	šarons	Nan
sewadi	meklēt	None
seville	sevilja	Nan
sense	jēga	Nan
senegal	senegāla	Nan
semudaju	protams	None
semolara	astma	Nan
seidamo	skaidrs	None
segbese	iespējams	None
orúko	lauks	Nan
taino	dino	Nan
orísìírísi	dažādi veidi	Nan
orísiirísi	dažādi	None
nombamewa	reizinot	Nan
nobel	nobela	None
nnaji	tēvocis	Nan
nkàn	vēzis	Nan
nkan	lieta	None
niyi	te tas ir	Nan
niye	pietiekami	None
niyato	atšķirt	None
niwaju	uz priekšu	Nan
nitosi	tuvumā	None
nitoripe	jo	None
nombáméjì	pirmie divi	Nan
nitoriidieyi	šī dēļ	Nan
nilè	šeit	None
nijẹr	nike	Nan
nigbà	tad	None
nigbakan	dažreiz	None
nibere	agri	None
nibe	tur	None
ngubengcuka	ngubengcuka	Nan
ngbero	plānots	None
nevis	nevis	None
neptune	neptūns	None
nefimu	nefims	Nan
nisinyi	tagad	None
nebraska	nebraska	Nan
novo	novo	Nan
nse	dizains	None
nínlá	lieliski	None
nílẹ̀	uz zemes	Nan
nílùú	pilsētā	None
nílè	zemāk	None
nígbàtí	kad	None
nífẹ̀ẹ́	mīlēt	Nan
níbè	tur	None
níbè	tur	None
ní	ir	None
nìyí	tas būs īstais	Nan
nìnú	žēl	Nan
nri	ēdiens	Nan
nì	kalns	None
náwo	izdevumi	None
nàìjíríà	nigērijā	Nan
nwa	bērniņš	Nan
numeri	nejutīgums	Nan
nukleotidipupo	nukleotīds	Nan
nukleotidi	nukleotīds	Nan
nu	tīrs	None
ntoka	punkts	None
nsowikipedia	obowikipedia	Nan
nsolaboraro	drošība	None
nso	tuvu	None
náà	arī	None
nínu	iespēja	None
ncnc	ncnc	Nan
nawojulo	mīklaini	Nan
munispal	munispal	Nan
mulẹ̀	nodibināt	Nan
mughal	apjoma	None
mtwara	izvēlēties vēlreiz	Nan
mtn	mtn	Nan
mozilla	mozilla	None
mozambique	mozambika	Nan
morogoro	autosports	Nan
morgan	morgāns	Nan
monrovia	monrovija	Nan
mombasa	mombasa	Nan
muungano	konvertāns	Nan
mokanlelogbon	trīsdesmit divi	Nan
mohandas	mohandas	Nan
minority	mazākums	Nan
minnesota	minesota	Nan
mimuwa	pieķērušies	Nan
mimoy	mīmija	Nan
miiràn	atbrīvot	None
micronesia	mikronēzija	Nan
michelle	michelle	Nan
mexico	meksika	None
mewar	mewar	Nan
meucci	meucci	Nan
mokaleladota	kompakts	Nan
nawó	dabū savu naudu	Nan
májèmú	neiebilstu	Nan
méjèèjì	gan	None
nato	nato	None
nathaniel	nathaniel	Nan
namibia	nākt	None
mẹ́talọ́kan	trīsvienība	Nan
mẹ́ta	trīs	Nan
mẹ́rkúríù	pele	Nan
mẹ́fà	seši	None
múlẹ̀	turies ātri	Nan
mó	m	Nan
móra	izārstēt	Nan
mókólà	līme	Nan
mère	zīmējums	None
mò	zināšanas	None
míìrán	cits	None
míràn	cits	None
mímọ́	svēts	Nan
ménu	vai tu domā	Nan
méwàá	desmit	None
métèètà	galdnieks	Nan
méta	trīs	Nan
mérìnlélógójì	četrdesmit četri	Nan
mérìndínlógún	sešpadsmit	Nan
méte	pieci	None
mérindíláàdóta	piecdesmit pieci	Nan
mííràn	cits	None
níní	piederēt	Nan
nípà	vismaz	None
nítorípé	jo	None
onítumò	tulks	Nan
oníná	uguns	None
onílẹ̀	uz leju	Nan
oníkólóbó	aizskarošs	Nan
onígbàgbó	vecs vīrs	Nan
onka	kalkulators	Nan
onje	diēta	Nan
oniyijulo	satriecošs	Nan
oniyewumeji	binārs	Nan
onisowo	tirgotājs	Nan
onisayensi	tehniķis	Nan
onítèbọmi	kristīts	Nan
onipin	racionāls	Nan
onilile	māju īpašnieki	Nan
onilanaibagbepo	prezervatīvs	Nan
onigunfenfe	pasīvs	Nan
onigbowo	sponsors	Nan
onigbeja	konstruktīvs	Nan
onibugbe	īrnieks	Nan
onialjebra	onialjebra	Nan
omiadalu	plūdi	None
omi	ūdens	None
olùkọ́	skolotājs	None
olùkó	instruktors	Nan
oninawo	aizņēmējs	Nan
olùkópa	līdzautors	Nan
onítòhùn	grāmatvedis	Nan
oníyanjù	animēts	Nan
orílẹ́	vakarā	None
orílẹ̀	tauta	None
orílèèdè	tauta	None
oríkì	dzeja	None
oríilẹ̀	raksts	None
oríilè	nacionālais	None
oruko	lietvārds	Nan
orudnun	gada	None
oritameta	vidū	None
orisa	pirmsākumi	None
orisun	avots	None
oníwòsàn	dziednieks	Nan
orisirisi	šķirne	None
orileominira	siltums	None
orilejoba	valdība	None
orileedeajoba	imperiālisms	Nan
orileede	tauta	None
oriki	austrumu	None
oriire	apsveicu	Nan
ori	galva	None
opposite	pretī	None
opec	opec	None
ootọ́	taisnība	Nan
ooni	krokodils	Nan
orinìyìn	dziesma	None
olùdarí	vadītājs	None
olùbátan	šo kontaktu	Nan
olóṣèlú	politiķis	None
ojùkòsì	nokrišņi	None
ojuse	atbildība	None
ojuoorun	saulriets	Nan
ojukokoro	alkatība	Nan
ojoru	siltums	None
ojojumo	katru dienu	Nan
ojo	izskatās ka	Nan
ogunlogo	pūlis	None
ogun	karš	None
ogbè	novads	None
ofin	likums	None
ojùkòtúu	nokrišņi	None
ododo	taisnība	Nan
obere	mazs	None
obairanderan	brālēns	Nan
oba	obama	None
nso	drīzumā	Nan
nǹkan	lieta	None
níyanjú	pozitīvi	None
níwájú	uz priekšu	Nan
nítòótọ́	patiešām	None
nítòótó	tieši tā	Nan
nítòsí	tuvumā	None
nítumò	nozīme	None
obínibí	pieklājīgi	Nan
ojúlùmọ̀	paziņas	Nan
ojútáyé	viskozitāte	Nan
ojúìwé	lappuse	Nan
olóyè	valdnieks	None
olódùmarè	visvarenais	Nan
olympus	olimps	Nan
oluwakiri	izpēte	None
olusoju	sargs	Nan
oluparapo	kombinācija	None
olumojuto	alkatīgs	Nan
olukowe	autore	Nan
olukoitan	instruktors	Nan
oludase	producents	Nan
oluda	veidotājs	Nan
oloye	ģēnijs	Nan
oloselukan	sveiki	Nan
olora	tauki	Nan
olopon	izsmiekls	Nan
ololugbe	zaudētājs	Nan
olokunkun	austiņas	Nan
olojukanna	tūlīt	None
olohun	īpašnieki	None
olodiajodojuko	viens otru	Nan
okunrin	cilvēks	None
okunkun	tumsa	Nan
oko	lauka	None
okhotsk	okhotska	Nan
okeere	ārzemēs	None
orísìí	šķirne	None
tainos	tainos	Nan
takuntakun	ierobežojumi	None
talaka	nabadzīgs	Nan
ìràwọ̀	zvaigznes	None
ìrànàna	palīdzēt	None
ìrànlọ́wọ́	palīdzēt	None
ìpínrò	rindkopas	Nan
ìpìnlè	sākums	None
ìpìlẹ̀núkléù	šifrēšana	Nan
ìpolongo	reklāmas	None
ìnáwó	izdevumi	None
ìnagije	uzvara	None
ìmúsára	stiprināt	Nan
ìmúnilérú	pārkāpumi	Nan
ìrí	pieredze	None
ìmú	deguns	None
ìmò	zibens	None
ìmò	čūska	Nan
ìlé	mājas	None
ìlè	kukuļošana	Nan
ìlàìnàró	apspiešana	Nan
ìlàorùn	zilumi	Nan
ìlànàn	ilūzija	Nan
ìlà	kontūra	Nan
ìlo	zvana	Nan
ìlera	veselība	None
ìkọpa	dalība	Nan
ìmóbìdo	pirmtiesības	Nan
ìkẹrin	ceturtais	None
ìròkò	domāja	None
ìròyìnwiki	ziņas	None
ìtaeko	darbnīca	Nan
ìta	ārpusē	None
ìse	darbība	None
ìsòro	grūtības	None
ìsílé	mājas	None
ìsèjoba	valdība	None
ìsèdá	radīšana	Nan
ìsègbèfábo	centība	Nan
ìse	darbība	None
ìsọ	veikalos	Nan
ìsú	biezums	None
ìròyìn	ziņas	None
ìsòrí	apakšpozīcija	Nan
ìsìn	reliģija	None
ìsèlè	produkcija	Nan
ìsàlè	saulriets	Nan
ìsomó	pievienoties	Nan
ìsirò	aprēķins	Nan
ìsinsìnyí	tagad	None
ìse	darbība	None
ìsawo	zīlēšana	Nan
ìrúbo	sabrukt	Nan
ìró	skaņu	None
ìròrùn	ilūzija	Nan
ìsòrò	meditācija	Nan
ìtan	vēsture	None
ìkínin	sestais	Nan
ìkìjà	izaicinājums	Nan
ìdá	dezertēšana	Nan
ìdàrúdàpò	haoss	None
ìdàpapọ̀	konsolidācija	Nan
ìdàgbà	pilngadība	Nan
ìbílè	dzimšanas tiesības	Nan
ìbílè	dzimšanas tiesības	Nan
ìbáraeni	ratiņi	Nan
ìbánisòrò	savienojums	None
ìbarà	drudzis	Nan
èpón	daudz	None
èwù	krekls	Nan
ìdìmú	traucējumi	None
èsìn	reliģija	None
èro	domas	None
èka	efekts	None
èyì	cieņa	Nan
ète	mērķis	None
èsúrú	skudras	Nan
èsó	mošeja	None
èrò	domas	None
èràn	slimība	None
ènìkan	kaut kas	Nan
èlò	trauki	Nan
èkejì	otrs	None
èrí	pierādījumi	None
ìkìlò	ļaunprātīga izmantošana	Nan
ìdíisin	cēlonis	None
ìdó	dzelonis	Nan
ìkéde	deklarācija	None
ìkèrèkú	sastrēgumi	Nan
ìkànna	tas pats	Nan
ìkejì	otrs	None
ìjọba	valdība	None
ìjò	vadītājs	None
ìjìnlè	noslēpums	Nan
ìjìnlè	noslēpums	Nan
ìjora	naids	Nan
ìjoba	valdība	None
ìjo	baznīca	None
ìdíwòn	tavs iemesls	Nan
ìjo	dejot	Nan
ìgbò	auns	Nan
ìgbésí	dzīvi	None
ìgbéraga	lepnums	Nan
ìgbáraga	spēks	None
ìgbá	spārni	None
ìgbàgbé	aizmāršīgs	Nan
ìgbà	laiks	None
ìgbonnìbí jé	tā ir katastrofa	Nan
ìfáàrà	priesteris	Nan
ìfojúìtànìgbesiayé	dzīves vēsture	Nan
ìfara	spīdzināšana	Nan
ìhun	dzelzs	None
ìtokò	katls	Nan
ìtàn	vēsture	None
ìtànkálé	plūdi	None
ṣàkóbá	kaitīgs	Nan
ṣiṣé	atvēršana	Nan
σ	σ	Nan
κάππα	.α	Nan
ˌæləˈbæmə	slimība	None
ˌkælɪˈfɔrnjə	ɪˈkælɪˈfɔrnjə	Nan
ˈøːstəˌʁaɪç	ˈøːstəˌʁaɪç	Nan
ʔaːnaːtɕɑ̀k	.aːnaːtɕɑɕɑk	Nan
şe	darīt	None
únṣẹlẹ̀	zemestrīce	None
ôdún	gads	None
ẹdo	joks	Nan
ó	jā	Nan
ósírísì	siekalu	Nan
óníse	viņš ir dizainers	Nan
ó	tā	None
òròàjòmó	no rītiem	Nan
òrò	domas	None
òwó	nauda	None
òsà	zelta zivtiņa	Nan
òrò	domas	None
òré	spēle	None
òpòlopo	daudzi	None
òfò	nākamais	None
ósékú	viņš ir miris	Nan
òré	spēle	None
ẹlẹ́bùn	dāvana	Nan
ẹnìkan	viens cilvēks	Nan
ọ̀pòlòpò	darbība	None
ọ̀nà	veids	None
ọ̀gbìn	augs	None
ọ̀dọ́	jaunatne	Nan
ọpọ́lọpọ́	vīģes	Nan
ọn	tā	None
ọmọ	bērns	None
ọmú	tu esi tizls	Nan
ọlọ́run	dievs	None
ọlọ́mọ	bērni	None
ọdún	gadā	None
ẹlẹ́sìn	reliģiozs	Nan
ọbàkàn	pusbrālis	Nan
ẹ̀rọ	mašīnas	None
ẹ̀ni	pvo	Nan
ẹ̀kọ́	izglītība	None
ẹ̀kẹ́ta	trešais	None
ẹ̀kasístẹ̀mù	subjektīvs	Nan
ẹ̀kaoṣù	grūts	Nan
ẹ̀kajuly	maijā	None
ẹ̀kabrítánì	tēvocis	Nan
ẹ̀kaawon	iesniegumi	Nan
ẹtì	aknas	None
ẹsẹ	pēdas	None
ẹ̀wẹ̀	no otras puses	Nan
òpòlopò	daudzi	None
òkòòkan	vienu pēc otra	Nan
òkan	viens	None
òdo	jaunatne	Nan
òdeojú	bez sejas	Nan
òde	ārpusē	None
ìṣọ̣̀tẹ̣̀	pneimonija	None
ìṣẹ́kù	atgādinājums	Nan
ìṣèlú	politika	None
ìyípadà	konversija	Nan
ìyàwó	līgava	Nan
ìyapa	atdalīšana	Nan
ìya	ciešanas	Nan
ìwúlò	noderīga	Nan
òdìkejì	otrs	None
ìwòran	redze	None
ìwéré	buklets	Nan
ìwàásù	sludinot	Nan
ìwo	ragi	Nan
ìwe	salīdzinājums	None
ìtúpalè	tulkošana	Nan
ìtúmò	tulkošana	Nan
ìtóka	tikt piekautai	Nan
ìtójú	sejas izteiksmes	Nan
ìtóju	apjukums	Nan
ìtójú	aprūpi	Nan
ìtèsíwájú	progresu	None
ìwò	kopumā	None
òféàrán	attēls	None
ògbójú	kompetents	Nan
ògiri	sienas	None
òjògbón	lietains laiks	Nan
òṣèlú	politika	None
òwù	audums	Nan
òsèré	sportists	Nan
òsèlú	politiķis	None
òsán	pusdienlaiks	Nan
òrò	smadzenes	None
òrí	nodaļa	None
òrìsà	elki	Nan
òranyàn	obligāti	None
òpópóònà	ceļš	None
òotó	patiesība	Nan
òní	šodien	None
òmùàrán	attēls	None
òmiràn	burve	Nan
òle	mājsaimniece	Nan
òkúta	akmens	None
òkú	līķi	Nan
òkòòkan	vienu pēc otra	Nan
òkèògbún	tūkstoš	Nan
òjísé	ārsts	None
òjo	izskatās ka	Nan
ògúndìpẹ̀	pulverveida	Nan
ògun	medicīna	None
ògo	slava	Nan
èka	filiāle	Nan
èhìn	nākamais	None
èfòn	saspringts	Nan
èdè	valoda	None
visit	apmeklējums	Nan
viruses	vīrusi	None
villa	villa	Nan
vihara	vihara	Nan
videos	video	None
victor	uzvarētājs	None
vermont	vermonts	Nan
venezuela	venecuēla	Nan
uzbek	ceļš	None
utc	utc	None
utah	utah	Nan
vz	vz	Nan
usps	usps	Nan
urasílì	uracils	Nan
unla	jā	Nan
unifasiti	universitāte	None
umueri	bērni	None
ucb	ucb	Nan
tẹ̀ǹbẹ̀lẹ̀kun	sazvēresties	Nan
tẹ̀ǹbẹ̀	tad	None
túnse	pārkārtot	Nan
túmò	plūme	Nan
tú	izlīt	Nan
tóka	citēts	Nan
uribe	aura	Nan
tó	tó	Nan
waa	tas ir	Nan
wari	smaka	Nan
yafran	alfabēts	None
xiv	xiv	None
xd	xd	Nan
wọ̀nyí	šie	None
wọn	viņiem	None
wúnrèn	trenēties	Nan
wón	viņiem	None
wònyí	šie ir	Nan
wòfún	skatiens	Nan
wípè	skaidrība	Nan
wì	mazgāt prom	Nan
waju	seja	None
wàásù	sludināt	Nan
wura	zelts	None
won	viņiem	None
wo	šeit	None
wo	šeit	None
woo	bļaustīties	Nan
wole	ielogoties	Nan
województwo	ārprāts	Nan
wiwari	atklājums	Nan
witkin	asprātība	Nan
wisconsin	wisconsin	Nan
westminster	westminster	Nan
wyoming	sieva	None
tówùú	jebkura summa	Nan
tókù	atpūsties	Nan
tódárajùlọ	vislabākais	Nan
tokyo	tokyo	Nan
tokasi	norādīja	None
toje	reti	None
to	uz	None
tiwọn	viņu	None
titu	šaut	Nan
tirè	viņa	None
tirana	tirana	Nan
tira	saspringts	Nan
thumb|left|upright|nelson	īkšķis | pa kreisi | taisni | nelsons	Nan
those	tiem	None
tolerejulo	panesams	Nan
they	viņi	None
tfrac	tfrac	Nan
terutomo	terutomo	Nan
temptation	meklē	None
tele	sekot līdzi	Nan
teksas	teksasā	Nan
tedo	iepazīšanās	Nan
technology	tehnoloģija	None
taínos	taínos	Nan
tata	filtrs	Nan
tara	deviņi	Nan
talika	nabadzība	Nan
the		None
tolórítelémù	holokausts	Nan
tomé	tomātu	Nan
tooto	tiešām	None
tóbi	lieli	None
tò	komplekts	Nan
tíórì	riepas	Nan
tíátà	biļetes	Nan
títío	līdz	None
títèlé	sekot	None
títi	slēgts	Nan
té	t	Nan
télè	autors	None
té	t	None
tèsíwájú	panākt progresu	Nan
tèlé	tūlīt	None
tètè	ātri	None
tèlé	sekot līdzi	Nan
táawà	noliekties	Nan
tàwon	viņiem	None
tàsí	bez	None
tuntun	jauns	None
tumosi	nozīmē	None
translated	tulkots	Nan
traduite	traduīts	Nan
tounsejanu	traģiski	Nan
toseluaralu	politiskā	None
torun	brunete	Nan
tori	tori	Nan
yakubu	jakubs	Nan
metropoli	metropoli	Nan
yan	atlasīt	Nan
yanturu	daudz	None
àsìkò	laiks	None
àsèyìn	pēcspēks	Nan
àsàjemátèe	rītausma	Nan
àse	svētki	None
àrẹ	prezidents	None
àrùn	slimība	None
àrígbámú	satraucoši	Nan
àpeere	piemērs	None
àpapọ̀	kopumā	None
ànfàní	iespēju	None
àmúsorò	psiholoģija	None
àsótélè	pagarinājums	Nan
àmúlò	praktisks	Nan
àmérìkà	pārdabisks	Nan
àlébù	vaina	Nan
àlèpò	virs	None
àlè	bastards	Nan
àlááfià	analoģija	Nan
àlàáfíà	miers	None
àlàyé	informācija	None
àlàkalè	mērķus	None
àkókó	laiks	None
àkójopò	grupa	None
àká	plaukti	Nan
àmì	parakstīt	Nan
àkàrà	kūkas	Nan
àsọdọ̀kan	vienotība	None
àsà	pasūtījuma	Nan
èdè	valoda	None
èdá	radīšana	Nan
èbúté	osta	None
èbà	odi	Nan
áwon	netiklība	Nan
án	t	None
àìsí	prombūtne	Nan
àìròtélè	negaidīts	Nan
àìní	gribu	Nan
àìkó	deficīts	None
àáyá	sperma	Nan
àsekúdórógbó	miza	Nan
àárín	vidū	None
ààtò	rituāls	Nan
àwùjo	sabiedrībā	None
àwón	nauda	None
àwón	nauda	None
àwon	teorijas	None
àtẹnudẹ́nu	mutiski	Nan
àtúnse	rediģēt	Nan
àtúnse	rediģēt	Nan
àtòrìnká	visapkārt	Nan
àtìpó	citplanētietis	Nan
àtijo	novecojis	Nan
ààyè	dzīvs	Nan
àkosílè	disertācija	Nan
àkosílè	abstrakcija	Nan
àjọṣepọ̀	sabiedriskā	None
yíì	jums būs	Nan
yíyípadà	mainīt	None
yí	apgriezties	Nan
yìí	šo	None
yì	iet	None
yée	ļauj viņiem	Nan
yèwò	skaties	Nan
yára	pasteidzies	Nan
yàtò	uzstādīt	Nan
yànan	izbrīns	Nan
yo	yo	Nan
yíò	tā būs	Nan
yorúbà	jogurts	Nan
yori	vadīja	None
yoo	būs	None
yiyafunnilo	erozija	Nan
yipada	apgriezties	Nan
yiowu	tā būs	Nan
yio	būs	None
yindinyindin	nekad neapstājies	Nan
ye	jā	Nan
ye	jā	Nan
yewo	uzlabošana	Nan
yaoundé	yaoundé	Nan
york	york	None
yẹ̀ẹ́	y&#39;know	Nan
yọ	noņemt	Nan
zanzibar centralsouth	zanzibāra centrālā taisnība	Nan
àjákọ	atsevišķi	None
àjo	ceļot	Nan
àifète	mērķis	None
àgọ́	telts	Nan
àgbùdo	pagalms	Nan
àgbìgbò	apkārtne	None
àgbéyèwò	pārskats	Nan
àgbékà	abstrakts	Nan
àgbáríjọ	organizācija	Nan
àgbàrá	plūdi	None
àgbàjọ	vecais vīrs	Nan
àdóolóró	eļļa	None
àdáátán	ekskluzīvs	Nan
àdátá	pretējs	Nan
àdámò	privātums	Nan
àbọ̀	puse	None
àbìkú	nemirstība	Nan
àbáyo	ieteikums	Nan
àbámẹ́ta	ceturtdiena	Nan
àbe	paviāns	Nan
 bce	prom	Nan
zy	zy	Nan
zscores	zscores	Nan
zou	zou	Nan
zdna	zdna	Nan
yanjú	atrisināt	None
methodologies	metodikas	Nan
merin	četri	None
mercosur	merkosurs	Nan
díè	saspringts	Nan
dìtẹ̀	sazvēresties	Nan
dìró	pa labi	Nan
dìde	rodas	None
dì	lapa	None
dépò	tādā mērā	Nan
délànà	principā	Nan
dé	ieradās	None
dáwó	ziedot	Nan
dásà	casa	Nan
dáradára	labi	None
dóko	labi	None
dálóríi	paldies	Nan
dágbó	vecums	None
dá	izveidots	None
dàpò	nomainiet tos	Nan
dàbíi	kā šis	Nan
dun	garšīgs	Nan
due	līdz	None
du	du	Nan
dover	doveris	Nan
doublestrand	doublestrand	Nan
doublehelix	dubulthelix	Nan
dote	dote	Nan
dájó	labi	None
doni	doni	Nan
dólà	labi	None
dúró	stāvēt	Nan
eléré	sportists	Nan
eléde	abstrakts	Nan
elláda	radīšana	Nan
eleyii	kā šis	Nan
eleyi	šo	None
elede	cūkas	None
eko	izglītība	None
ekeji	otrs	None
eka	sarežģīts	None
eighteen	astoņpadsmit	Nan
egbògi	medicīniska	Nan
dún	skaņu	None
egbò	brūce	Nan
egbo	brūce	Nan
egberundun	tūkstoš gadu	Nan
egbe	lielgabals	Nan
egba	absolūti	None
efrem	effem	Nan
ede	valoda	None
ecomog	ecomog	Nan
ebi	ģimene	None
eba	eba	Nan
ea	jā	Nan
dọ́gba	vienāds	None
egbé	bēdas	Nan
elòmírà	jūraszāles	Nan
dominic	valdošais	Nan
doju	seju pret seju	Nan
clear	skaidrs	None
cipollone	cipollone	Nan
china	ķīna	None
cherished	lolots	Nan
chebbi	domā	None
chaskalson	časalsons	Nan
charles	charles	Nan
chamorro	šamorro	Nan
cbc	cbc	Nan
cauchy	cauchy	Nan
catherine	katrīna	None
code	kods	None
cathedral	katedrāle	None
casablanca	casablanca	Nan
cape	apmetnis	Nan
canaria	kanāriji	Nan
calabar	košļājamā gumija	Nan
cairo	niknums	Nan
bẹ́ẹ̀sìni	jā	Nan
bẹ́ẹ̀ni	jā	Nan
bẹ́ljíọ̀m	berils	Nan
bẹ́	izlauzās	Nan
bẹ̀rẹ̀	lai sāktu	Nan
búrú	esi drosmīgs	Nan
caslon	kazino	Nan
dojú	seju pret seju	Nan
coetsee	coetsee	Nan
coming	nāk	None
divoire	divoire	Nan
dinwoju	jāmeklē	Nan
din	apcep	Nan
different	savādāk	Nan
didasile	nodibināšana	Nan
didagba	vienlīdzība	None
development	attīstību	None
desmond	desmond	Nan
describes	apraksta	None
des	des	None
denver	denvera	Nan
coloured	krāsains	Nan
delhi	ne	None
daru	iznīcināt	None
darapo	pievienoties	Nan
dani	saimniecība	None
dandan	obligāts	Nan
dagbasoke	pieaudz	Nan
da	un	None
cunha	rīkle	Nan
ct	ct	Nan
csto	csto	Nan
computers	datori	None
compared	salīdzināja	Nan
dates	datumi	Nan
elòmíràn	cits	None
emerging	parādās	None
emmanuel	emanuels	Nan
gbaná	izšaut	Nan
gbale	popularitāte	Nan
gbajúgbujà	ir ļoti populārs	Nan
gba	piekrītu	Nan
galatia	šoreiz	None
fẹ́rẹ̀ẹ́	gandrīz	None
fòye	saprast	None
fífún	dodot	None
fífò	lido	None
fégbé	aizmirsti	Nan
fé	fé	Nan
gbe	nēsāt	Nan
fé	fé	Nan
funra	pati	None
fun	priekš	None
fulbe	pilnīgs	Nan
fulani	gļēvi	Nan
fuji	noņemt	Nan
freetown	brīvpilsēta	Nan
fransi	franču valoda	Nan
francis	franks	Nan
fracmv	fracmv	Nan
fowó	par naudu	Nan
fowobowe	rezervācija	Nan
further	tālāk	None
fourbase	četrbāze	Nan
gbera	virzīties tālāk	Nan
gbese	parāds	Nan
geneva	ģenēva	Nan
geesi	angļu	None
gbọ́dọ̀	obligāti	None
gbúnùn	saost to	Nan
gbónmisi	likumu	None
gbódò	obligāti	None
gbìyànju	centies	Nan
gbìnyànjú	mēģiniet	Nan
gbésè	piedāvājums	None
gbéyèwò	pārskats	Nan
gbéni	tiešraide	Nan
gberasoke	paātrināt	Nan
gbékalè	galdnieks	Nan
gbé	tiešraide	Nan
gbáradì	piecelties	Nan
gbá	sagraut	Nan
gbàgùrà	satricināja	Nan
gbàgbọ́	ticēt	Nan
gbongbo	sakne	None
gbogbogbo	vispārējs	None
gbin	stādīti	Nan
gbilè	izlausties	Nan
gbigbewo	finansēšana	Nan
gbigbamulo	ekspluatācija	Nan
gbédìí	nodibināt	Nan
foriko	piemēram	None
force	spēks	None
foniimu	filma	None
eyonomba	eimonoma	Nan
eyin	olas	None
eya	kategorija	None
example	piemērs	None
ewì	dzeja	None
ewé	lapu	None
ewe	lapu	None
euroasia	eiroasia	Nan
euro	eiro	None
etíòkun	krasts	None
etymologiae	etimologijas	Nan
eléja	makšķerēšana	Nan
etisalat	etisalat	Nan
esia	nāk	None
eseese	diagramma	None
eréonítàn	akronīms	Nan
erékùsù	sala	None
erofo	nogulsnes	Nan
ernst	ernst	Nan
epa	zemesriekstu	Nan
eníbá	drudzis	Nan
enì	zilonis	None
enter	ievadiet	Nan
enikéni	visi	None
esteri	esteri	Nan
elòmíràn	kāds cits	Nan
eka	efekts	None
eléyàmèyà	etniskā piederība	Nan
fohùn	kliedz	Nan
fofinde	aizliedzot	Nan
fodio	fodio	Nan
five	pieci	None
fitino	tiesas process	Nan
finlandi	somu	None
finiki	fizika	None
fimú	asi definēts	Nan
fihan	norādīts	None
fifihan	rāda	None
fi	ietaupīt	Nan
fe	gribēja	None
fesèmúlè	pagaidu avots	Nan
ferde	ferde	Nan
felifeli	samts	Nan
farsi	arti	Nan
faranse	franču valoda	Nan
faramó	ievērot	None
fan	ventilatoru	Nan
fail	neizdoties	Nan
fagile	atcelts	Nan
ewà	izturēšanās	Nan
esè	ieņēmumi	Nan
esin	reliģija	None
enu	mute	Nan
búburú	slikti	None
bòtswánà	autobuss	None
béè	tieši tā	Nan
bèrẹ̀	sākt ar	Nan
alawose	zīlēšana	Nan
alalaye	zemes	None
alakobere	iesācējs	Nan
alakitiyan	aktīvists	Nan
alaini	trūkumcietējiem	Nan
alaigbara	neatvairāms	Nan
alaidogba	nesabalansēts	Nan
aladanida	patvaļīgs	Nan
aladani	privāts	Nan
aladaani	privāts	Nan
alaafin	nelikumīgs	Nan
albany	albany	Nan
alaafia	miers	None
alaabo	invalīds	Nan
ala	uz leju	Nan
akẹ́kọ̀ọ́	students	Nan
akíngbógun	bataljons	None
akíkanjú	varens	Nan
akátá	šakāls	Nan
akopo	kompilācija	Nan
akopa	pirmkārt un galvenokārt	Nan
akoni	mums nav	Nan
akole	mēs nevaram	Nan
akokolo	periods	None
alaadanida	nevēlama	Nan
akinpelu	artilērija	Nan
albert	alberts	None
alicia	alicia	Nan
anc	anc	Nan
anabi	pravietis	None
an	an	None
améríkà	amerikāņu	None
améríkà	amerikāņu	None
amosi	mošeja	None
amojeoyipada	kabriolets	Nan
amerika	amerika	None
americas	amerikāņi	None
amazonas	amazonas	Nan
alọ́po	maku	Nan
alexandra	aleksandra	None
alúwo	uzplaukums	None
aláyèwò	inspektors	Nan
alátise	mākslinieks	None
alápapò	nomaiņa	Nan
alákọ̀bẹ̀rẹ̀	iniciators	Nan
alumíníọ̀mù	alumīnijs	None
alumoni	ārstniecisks	Nan
alukuraani	korāns	None
alubàbá	tēvs	None
alpha	alfa	None
alominira	neatkarība	None
allāh	allāhs	Nan
aláísàn	slims	Nan
akiidah	coridah	Nan
ajọra	kopija	Nan
ajoro	ceļot	Nan
adiokan	vientuļnieks	Nan
adeda	daba	None
addis	addis	Nan
adarihunrun	tīrāks	Nan
adabaye	viss kārtībā	Nan
adaba	ērti	None
accra	akra	Nan
abúléko	ciems	Nan
abínibí	tautība	Nan
abé	adata	Nan
abálájo	pieredzējis	Nan
adágbà	vecākais	None
aburunmu	mūsu negantība	Nan
abidjan	kādreiz	None
abidi	alfabēts	None
abesahara	apkaisa	Nan
abeorile	atgriešanās mājās	Nan
abeikojopo	mantiniece	Nan
abala	daļa	None
aawe	paralīze	Nan
aare	aare	Nan
aapon	aapon	Nan
aanu	līdzjūtība	Nan
aala	robeža	None
abo	sievišķīgi	Nan
adúgbò kútò	kaimiņi uz ielas	Nan
adúgbò mókóla	gļotāda	Nan
adúgbò quarry	karjeru kaimiņi	Nan
ajo	ceļot	Nan
ajibola	darba kārtība	Nan
ajemoroyin	pratināšana	Nan
aje	ekonomika	None
ajagun	suns	None
aisi	trūkums	None
aintimulo	aintimulo	Nan
agio	raudāt	Nan
agbéiná	ugunsdzēsējs	Nan
agbára	spēks	None
agbàbò	aizsargs	Nan
agbà	pieaugušais	Nan
agbeinadie	lauksaimniecības zeme	Nan
agbaye	pasaule	None
agbara	spēks	None
agbado	kukurūza	Nan
agba	krāsot	Nan
aféfé	vējdzirnavas	Nan
africans	afrikāņi	Nan
african	afrikāņu	Nan
africa	āfrika	None
afoyemo	konspekts	Nan
afomo	piemēram	None
afida	ģimene	None
adúgbò ìdí	apkārtnes iemesli	Nan
andaman	andman	Nan
genevieve	genevieve	Nan
angkor	angkor	Nan
anschluss	anschluss	Nan
benin	sols	Nan
bengali	bengāļu valoda	Nan
bengal	bengālijas	Nan
belgium	beļģija	None
belarus	baltkrievija	None
beijing	pekina	None
beauharnais	beauharnais	Nan
bce	prom	None
bayìí	tagad	None
bayi	tagad	None
bayelsa	bayelsa	Nan
berber	berberu	Nan
bauxitealumina	boksitealumina	Nan
banle	banle	Nan
bang	sprādziens	Nan
balẹ̀	lai viņš būtu	Nan
bahrain	bahreina	Nan
babaláwo	dalītājs	None
baa	ir	None
aṣòkan	indivīds	Nan
azikiwe	veselais saprāts	Nan
ayò	jā	Nan
ayàfi	tas ir labi	Nan
ayeye	mūžība	Nan
bara	pagājušais gads	Nan
aya	dzejolis	Nan
berlin	berlīns	Nan
bharat	bharat	Nan
báyìí	tagad	None
bárakú	atkarība	None
bálè	balons	Nan
bákannáà	arī	None
bàbá	tēvs	None
by	autors	None
burúkú	ļaunums	Nan
bujumbura	paplašināts	Nan
buenaventura	buenaventura	Nan
bu	tas ir	Nan
brítánì	britu	None
bernstein	bernstein	Nan
britain	lielbritānija	None
brazzaville	brazavila	Nan
brasil	brazīlija	None
bolívar	bolívar	Nan
bolt	skrūve	Nan
bole	bole	Nan
bojú	paskaties	Nan
bodies	ķermeņi	None
black	melns	None
biribiri	tika saspiests	Nan
bibeli	bībele	Nan
bharata	atgriezies	None
bridgeport	tilta osta	Nan
awújẹ	skandāls	Nan
awùjo	pieklājīgi	Nan
awuruju	maģisks	Nan
arábíà	alfabēta	None
aráa	brālis	None
aryan	arjāns	Nan
arun	slimība	None
aruleyin	sveiki	Nan
aroko	veģetācija	Nan
arkansas	arkansas	Nan
ariwaguusu	dienvidrietumu	None
ariwaarin	tuvie austrumi	Nan
ariso	aris	Nan
arinkankan	šī	None
aráròmí	sveiki	Nan
aralíle	tropisks	Nan
apẹ̀rè	priekšauts	Nan
apòmù	priekšauts	Nan
apis	apis	Nan
apeere	piemēram	None
apeja	zvejnieks	Nan
aparapo	kombinācija	None
apaiwoorun	rietumu	None
apailaorun	saullēkts	Nan
apaguusuiwoorun	dienvidrietumos	None
apaguusuilaorun	dienvidrietumos	None
apagusu	dienvidi	Nan
arabu	arābu	None
arópò	kukuļošana	Nan
arúgbó	vecums	None
arọ	klibs	Nan
awon	viņiem	None
awoòn	veidne	Nan
awonara	emocijas	None
awo	šķīvis	Nan
awari	atklājums	Nan
avar	avar	Nan
austríà	austrālija	None
austronesian	austroniešu	Nan
austriahumgary	austriahumgary	Nan
australia	austrālija	None
atunse	korekcija	Nan
atun	attīt atpakaļ	Nan
atinrin	smejoties	Nan
atimo	plāns	Nan
atigba	pieļaujams	Nan
atanna	atoms	None
atangbona	atoms	None
asèdá	dabiskā	None
asìko	muļķības	Nan
assessment	novērtējums	Nan
asipa	novirze	Nan
aseyori	veiksme	Nan
aseeto	norēķins	Nan
ascii	uzzināt	None
asagun	uzvara	None
anita	anita	Nan
ọ̀rọ̀	runāt	None
georgia	gruzija	None
gfaj	gfaj	Nan
kòjòkú	lietus	None
kírísìtì	ziemassvētki	Nan
kínu	skūpstoties	Nan
kíkọ́	mācīties	None
kíko	studējot	Nan
kí	sveikt	Nan
kìnní	vispirms	None
kéyìn	vēlāk	None
kémíkà	tieši pretēji	Nan
kétu	esi gatavs	Nan
kékéèké	mazs	None
kòkó	pele	Nan
kéesì	smieklīgi	Nan
kánádà	protams	None
kánfinkése	lēns	Nan
ká	no	None
kàyéfì	brīnums	Nan
kàríbẹ́ánì	reģionā	None
kwara	uzrunāts	Nan
ku	tu	None
krio	krio	Nan
kori	vairāk ne	Nan
ko	ko	Nan
koko	mācīšanās	Nan
káyé	pasaule	None
koto	ēsma	Nan
kòmpútà	dators	None
kòòsí	tas nav	Nan
labalaba	tauriņš	Nan
laarin	ietvaros	None
laaka	atpakaļgaitā	Nan
laada	sitiens	Nan
laa	ej prom	Nan
kọ́ni	trūkums	None
kọ́lọ́mú	kolonnas	Nan
kọ́kọ́	vispirms	None
kọ̀mpútà	dators	None
kọjá	caurlaide	Nan
kẹ́nyà	atdalīšana	Nan
kòtò	bedre	Nan
kẹta	trešais	None
kẹrin	ceturtais	None
kúùkù	gluži pretēji	Nan
kútò	viss	None
kúrò	prom	None
kúkúrú	īsumā	Nan
kúkú	galu galā	Nan
kùrání	korāns	None
kùkú	galu galā	Nan
kóra	pulcēties	Nan
kógo	slava	Nan
kòòkan	katrs	None
kẹsàán	tūlīt pat	Nan
labee	zem	Nan
kookan	šo	None
kong	kong	Nan
kampala	aizdare	Nan
kalẹ	atlikt malā	Nan
kalinga	cinga	Nan
kakiri	izsekot	Nan
kagera	lielīgs	Nan
kadara	aktīvs	None
jọ́	lūdzu	Nan
jẹ́mánì	vācu	Nan
jùló	visvairāk	Nan
jùlo	īpaši	None
jùlo	vairāk par	Nan
kan	a	None
jíjéomoléyìnkírísítì	kā filantrops	Nan
jíje	būtne	None
jìnnàa	tālu	None
jéésù	jēzus	None
jé	nāc	Nan
jáde	nāc ārā	Nan
jàgídíjàgan	vardarbīgs	Nan
juneau	juneau	Nan
jo	džons	None
jopò	pievienojies	Nan
jojo	ieplaisājis	Nan
johanu	žēl	Nan
jíjuwó	pelnīt naudu	Nan
kongo	prezervatīvs	Nan
kankan	nav	None
karbonumarun	thecentricane	Nan
komputa	dators	None
kolo	kolo	Nan
kojá	krustu	None
koidu	koidu	Nan
kodò	zemāk	None
ko	vai	None
kinkinni	maza lieta	Nan
kilhar	paduses	Nan
kikuninu	iedomājies	Nan
kiko	mācīšanās	Nan
kikoso	ātri	None
kanlè	kanal	Nan
kikopomo	siltums	None
kiko	atnesot	Nan
kiakiajulo	ātrākais	Nan
ki	tad dari	Nan
khoisan	zemāks	Nan
kept	turēti	Nan
keko	literāts	Nan
kekere	mazs	None
kebbi	regulējams	Nan
karùún	piektais	Nan
karun	piektais	Nan
karl	karl	Nan
kikojo	kompilācija	Nan
lade	lāde	Nan
laid	laid	Nan
laifi	vaina	Nan
mahatma	mahatma	Nan
madeira	beira	Nan
maapu	karte	None
lọ́jà	tirgū	None
lọ́dọọdún	gadā	None
lọndọnu	londona	None
lórò	rīt	Nan
lónà	ceļā	None
ló	ló	Nan
lóòótọ́	patiešām	None
lóòótò	jā	Nan
makedonia	maķedonija	None
lóti	lote	Nan
lórì	osta	None
lópó	atraitne	Nan
lópez	nipez	Nan
lóde	ārpusē	None
lítésò	dzeloņains	Nan
lísa	paātrinājums	None
lílo	ekspluatācija	Nan
lérú	verdzība	Nan
léyìn	vēlāk	None
léyin	pēc tam	Nan
lérò	iemesls	None
lóríba	pāri	None
lérìnín	sniegs	None
malabo	medus	Nan
malayopolynesian	malajopolinēzietis	Nan
member	biedrs	None
melo	cik daudz	Nan
meksiko	meksika	None
mejila	divpadsmit	None
mejidinlogbon	divdesmit astoņi	Nan
mefeefa	kapitālais remonts	Nan
mediteraneani	vidusjūra	None
means	nozīmē	None
mbabane	negatīvs	None
maya	nē	Nan
max	maks	Nan
malay	pieņemts	None
mathimatiki	matemātiskā	Nan
matheu	matheu	Nan
maseru	greizsirdība	Nan
maryland	maryland	Nan
mars	marss	None
marku	šoreiz	None
march	gājiens	None
marcellus	marcellus	Nan
manˈdeːla	mandelala	Nan
mango	mango	Nan
mali	dienā	None
malaysia	malaizija	Nan
mathiew	mathiew	Nan
léebá	starp citu	Nan
lédè	valodā	None
lèyìn	pēc tam	Nan
links	saites	None
linear	lineārs	Nan
lindi	sārms	Nan
lilongwe	lilongwe	Nan
lilemo	kaņepes	Nan
lilelile	hardcore	Nan
leè	var	None
leyi	te tas ir	Nan
lewon	ieslodzījums	Nan
lewaju	uz priekšu	Nan
less	mazāk	None
lodo	norisināties	Nan
lese	pastu	Nan
lekun	pastiprinājās	None
leboa	lebo	Nan
le	var	None
lay	gulēja	Nan
latvia	latvija	None
latini	latīņu	None
latigbana	kopš tā laika	Nan
latibe	no turienes	Nan
lasile	atbrīvot	None
lanka	lanka	Nan
languages	valodās	None
leo	leo	None
lojowaju	nākotnē	None
lojukokoro	alkatīgs	Nan
lojúgun	viņš izpostīja	Nan
lèe	var	None
láíláí	nekad	None
láì	bez	None
lárúbáwá	dabiskā	None
lára	ievainot	Nan
lápá	daļa	None
lámọ́di	laime	Nan
láké	skaļš	Nan
láimo	bez	None
láfún	dots	None
lábé	svars	None
lààmì	zīmes	None
lààmi	parakstīt	Nan
làgba	vienāds	None
lynton	lentons	Nan
luther	lutere	Nan
luanda	luanda	Nan
lo	turpini	Nan
low	zems	None
lovers	cienītājiem	Nan
louvre	skaļruņi	Nan
loruko	vārds	None
lopolopo	daudz	None
loloselu	politiski	None
lokunkun	enerģisks	Nan
johann	ellē	Nan
jogun	mantots	Nan
jo	noplūde	Nan
jiròrò	miglains	Nan
ifitonileti	informācija	None
ifilole	palaišana	Nan
ifija	makšķerēšana	Nan
idánwò	tiesas process	Nan
idupe	paldies	Nan
idoma	zīmējums	None
idimule	arests	Nan
ideraa	rakstīt	None
idari	kontrole	None
idamita	zīmēt	Nan
idajo	taisnīgums	Nan
ifobaje	korupcija	Nan
idaji	puse	None
idagbasoke	attīstību	None
iceland	islande	None
ibùjókòó	sēdvietas	Nan
ibùdó	nometne	Nan
ibuso	cīnīties	None
ibuseripadabosi	atlīdzība	Nan
ibujoko	sols	Nan
ibori	plīvurs	Nan
ibojì	kapenes	None
ibn	ibn	Nan
ibiti	vietas	None
idagbe	nolaidība	Nan
ibise	treniņš	Nan
ifofinde	kongress	None
igbeduro	sagatavošana	Nan
iketa	mantot	Nan
ikerin	ceturtais	None
ikeko	kompilācija	Nan
ikejidinlogun	astoņpadsmit	Nan
ikaowo	cieņu	None
ikandinlogun	astoņpadsmit	Nan
ikan	viens	None
ijó	dejošana	Nan
ijosin	pielūgsme	None
ijinnasi	fizika	None
ije	kustība	None
ifriqiya	stimulēšana	Nan
ijaya	panika	Nan
ijagun	cīņa	None
ihinrere	evaņģēlijs	Nan
ihan	parādīties	None
igitòròmogbè	platjoslas	Nan
igbáẹ̀yìn	pēdējais	None
igbá	cālis	Nan
igbowolori	dārgi	Nan
igbeyawo	kāzas	Nan
igbesoke	jaunināt	Nan
igberiko	piepilsētas	Nan
igbegun	uzvara	None
ijakadi	cīņa	None
ibimo	dzimšanas	None
ibile	tradicionāls	Nan
ibiamusin	svētnīca	Nan
gún	sadursta	Nan
gòkè	ej augšā	Nan
gírámà	gramps	Nan
gégé	tiešām	None
gèésì	dārgakmens	None
gèésì	līmi	Nan
gv	gv	Nan
guusu	dienvidu virzienā	Nan
gunle	lielgabals	Nan
gun	ilgi	None
guinébissau	guinébissau	Nan
gúúsù	dienvidu virzienā	Nan
guineabissau	guineabissau	Nan
guanínì	guanni	Nan
groove	rieva	Nan
griiki	grieķu	None
grammy	grammy	Nan
gquadruplex	gquadruplex	Nan
gorgina	ērglis	Nan
gomina	gubernators	None
goemai	goemai	Nan
gidí	māja	None
gidigidi	ļoti	None
ghana	gana	Nan
guinea	gvineja	Nan
gẹ̀ẹ́sì	angļu	None
habsburg	habsburga	Nan
haggai	vadīt	None
ibewo	ir pienācis	Nan
ibeji	dvīņi	Nan
ibarepo	asociācija	None
ibalo	dēka	Nan
hv	hv	Nan
hungari	bads	None
hun	hun	Nan
hugh	hjū	Nan
hp	zs	Nan
hosea	hosea	Nan
hominidae	hominidae	Nan
histoni	histoni	Nan
hindu	hindu	Nan
him	viņu	None
hesse	piekritu	Nan
heraklion	heraklions	Nan
henny	henny	Nan
hendu	konfektes	Nan
heinrich	heinrihs	None
hawaii	hawaii	Nan
hausafulani	hausafulani	Nan
haughton	haughton	Nan
hard	grūti	None
halomonadaceae	halomonadaceae	Nan
haiti	haiti	Nan
ikoenu	saglabāt	None
german	vācietis	None
ikojopo	uzkrāšanās	Nan
iku	nāve	None
itumo	nozīme	None
itu	mest	Nan
itorawo	liberāls	Nan
itokowo	bizness	Nan
itobi	lielīties	Nan
itiraka	cīņa	None
itelentele	skaidri sakot	Nan
itanakole	stāsts	None
itali	itāļu valoda	Nan
isè	apkalpošana	Nan
isesi	padošanās	Nan
iwadi	izpēte	None
isun	plūsma	None
iso	nākt	None
isepinpin	izplatīšana	Nan
iseowo	bizness	Nan
iseoroayeijoun	arheoloģija	None
iseoba	piecpadsmit	Nan
isejoba	valdīšana	Nan
iseero	skatīties	Nan
isedaniloro	sevis šaubas	Nan
isare	paātrinājums	None
isa	pietiekami	None
irúnmọlẹ̀	zibens	None
isoponomba	izoponomba	Nan
irò	baumas	None
iwasi	ieskaidrot	Nan
iwoile	mājas	None
jijinna	tālu	None
jije	būtne	None
jfk	jfk	Nan
jesu	jēzus	None
jeometri	ģeometrija	Nan
jeffrey	džefrijs	Nan
jawaharlal	šūpoles	Nan
jamo	ej prom	Nan
jamaica	youtube	Nan
jalè	zādzība	Nan
jagbe	pazūdi	Nan
iwifun	informācija	None
jadide	uzgaidi	Nan
jabo	ziņot	Nan
iṣẹ́ìwádìí	izpēte	None
iḷẹ̀	darbs	None
iyán	dzirkstošais	Nan
iyen	tas ir	Nan
iyawo	līgava	Nan
iyato	atšķirība	None
iyan	bads	None
iwuwa	prakse	None
iwulo	noderīga	Nan
iwosan	dziedināšana	Nan
jackson	džeksons	None
irorun	ļoti vienkārši	Nan
irisi	izskats	None
iringa	satīt	Nan
ilẹ̀ayé	zeme	None
ilẹ	zemes	None
iléńlá	pagalms	Nan
iléàtèéré	mājas	None
ilélódò	māja	None
iléisé	mājas	None
iléayé	mājas	None
ilé	mājas	None
iluorilejoba	globalizācija	Nan
iluoba	pilsonība	Nan
ilopo	dubultā	Nan
iminle	arestēt	Nan
ileru	krāsns	Nan
ileigbimo	piekrišana	Nan
ileife	nolaidība	Nan
ilegiga	mājas	None
ileasofin	likumdošanas	None
ilaorun	saullēkts	Nan
ilaodo	aizsargāt	None
ilanaoye	stratēģijas	Nan
ilana	procedūra	Nan
ilagbolojo	publicitāte	Nan
ikún	pildīšana	Nan
ikúgbaèyí	tagad	None
ileobaluaye	pasaule	None
imoero	zibens	None
imojuto	aprūpi	Nan
imusin	zīmēt	Nan
irele	pazemība	Nan
ire	pārdošana	Nan
iranlose	palīdzība	None
iraja	šokējoši	Nan
ipá	spēks	None
ipo	atrašanās vieta	Nan
ipinu	lēmumu	None
ipinpa	dalība	Nan
ipin	nodaļa	None
ipele	līmenis	None
ipawo	izmanto	None
ipare	izbalināt	Nan
iowa	uz zemes	Nan
ioniani	trūkumcietējiem	Nan
ioja	zivis	None
inúnibíni	vajāšanas	Nan
iní	mantojums	None
inágbéringbérin	septiņpadsmit	Nan
integration	integrācija	None
inkosi	attaisnot	Nan
indus	indus	Nan
indeed	patiešām	None
inagberingberi	zemesriekstu sviests	Nan
imúnisìn	higiēna	Nan
imú	deguns	None
ikoreokere	ražas novākšana	Nan
ọ̀sẹ	nedēļā	None
