aajo	nực cười	Nan
púpò	hơn	None
púpo	quá nhiều	Nan
pò	gập lại	Nan
pòwe	tục ngữ	Nan
pípẹ́	dài	None
pípèsè	điều khoản	Nan
pípa	tàn sát	Nan
péé	cái đó	Nan
péré	chỉ có	Nan
pé	cái đó	Nan
pèsè	cung cấp	Nan
quran	khí quyển	Nan
pèlúpèlú	cũng	None
pèhìndà	tinh dịch	Nan
pè	gọi là	Nan
pátáporongodo	chắc chắn rồi	Nan
pásíà	tầng hầm	Nan
pàápàá	đặc biệt	Nan
pààlà	ranh giới	Nan
pàràkòyí	ngay	None
pàmò	đặc biệt	Nan
px|kùránì	px | nhân	Nan
pupa	màu đỏ	Nan
príncipe	príncipe	Nan
pèlu	cùng với	Nan
providence	quan phòng	Nan
ra	mua	None
rajya	mong	Nan
rome	trình duyệt chrome	Nan
roma	roma	Nan
roko	đám đông	Nan
rokirika	duyệt	None
rogbodiyan	bạo loạn	Nan
roboto	bề mặt	Nan
robinson	robinson	None
ro	suy nghĩ	Nan
rnas	rnas	Nan
rnarna	quạ	None
rna	mẹ	None
race	cuộc đua	Nan
rn	rn	Nan
riresile	máy ghi âm	Nan
rinle	mới	None
right|thumb|px|aworan	phải | ngón tay cái | px | hình ảnh	Nan
richard	nhà giàu	Nan
research	nghiên cứu	Nan
rere	tốt	None
repetejulo	nhạy cảm nhất	Nan
repeats	lặp lại	Nan
reggae	reggae	Nan
rank	cấp	None
ramadan	ramadan	None
riro	trí tưởng tượng	Nan
ronald	ronaldo	Nan
proton	proton	Nan
produced	sản xuất	Nan
palauan	palauan	Nan
padá	vỏ quả	Nan
paapaa	đặc biệt	Nan
paa	tắt	None
opolo	nhiều	None
ofò	buổi sáng tốt lành	Nan
oyé	thế giới	Nan
ose	se	Nan
opolo	nhiều	None
omonìyàn	loài người	Nan
olorun	chúa trời	Nan
panaˈma	panaˈma	Nan
odun	hàng năm	Nan
olórun	chúa trời	Nan
okùnrín	tiếng cười	Nan
ojó	trời mưa	Nan
odún	năm	None
oúnjẹ	món ăn	Nan
owojagidijagan	những kẻ khủng bố	Nan
oun	anh ta	Nan
otutu	nhiều	None
otherwise	nếu không thì	Nan
oseluarailu	thường dân	Nan
oscar	oscar	None
olósìn	tôn giáo	Nan
protokolu	giao thức	Nan
panyanan	vũ trụ	Nan
parapọ̀	trộn	Nan
press	nhấn	None
portuguese	bồ đào nha	Nan
portonovo	portonovo	Nan
population	dân số	Nan
polaroid	polaroid	Nan
polandi	đánh bóng	Nan
pojulo	cao nhất	Nan
po	thơ	Nan
plánẹ́tì	hệ thống ống nước	Nan
platos	platos	Nan
piposi	rất nhiều	Nan
papa	cha	None
pipolongo	quảng cáo	Nan
pinu	xác định	Nan
pinsoto	pinoto	Nan
pinsi	suy giảm	Nan
phillipines	phillipines	Nan
pelu	ngọc trai	Nan
petu	petu	Nan
periferi	periferi	Nan
penisula	dương vật	Nan
penh	penh	None
pele	duyên dáng	Nan
paripari	kết thúc	Nan
pipo	nhiều	None
rorùn	dễ dàng	Nan
rossii	rossii	Nan
rural	nông thôn	Nan
sìbẹ̀	chưa	None
séyìn	trở lại	Nan
séyìn	trở lại	Nan
sénégal	tinh dịch	Nan
ségun	khóc	None
sèle	ăn cắp	Nan
são	một cái mới	Nan
sáààrin	ở giữa	Nan
sáàpàdé	sự tài trợ	Nan
sápadè	ngày này	Nan
sàì	tốt	None
sìni	con tôm	Nan
sàngó	băng nhóm	Nan
sàmì	một dấu hiệu	Nan
sàbúrí	trên hết	Nan
symmetry	đối diện	Nan
swahili	tiếng swords	Nan
suny	nắng	None
sun	mặt trời	Nan
sugbọ́n	hợp lý	Nan
sugbo	nhưng không	Nan
suez	salsa	Nan
structures	cấu trúc	Nan
stella	stella	Nan
sàn	tốt hơn	Nan
spectacular	đẹp mắt	Nan
síbèsíbè	tuy nhiên	Nan
sílẹ̀	buông xuống	Nan
tabora	tránh	None
tabili	bàn	None
tabi	hoặc là	Nan
sísè	dịch	None
sísa	s .ía	Nan
sááju	mất một phút	Nan
sisé	tập thể dục	Nan
sepò	cuối cùng	Nan
se	họ làm	Nan
sùgbón	ngược lại	Nan
síse	kết cấu	Nan
síbú	xuống đất	Nan
si	chắc chắn	Nan
sùgbón	ngược lại	Nan
sóko	cây	Nan
sójà	lính	None
sòrò	tẩy não	Nan
síí	đây	None
síwájú	trở đi	Nan
síwon	họ	None
síta	ở ngoài	Nan
síso	vẫn	None
síso	vẫn	None
síse	công việc	Nan
sọ	nói	None
so	vì thế	Nan
sopin	kết thúc	Nan
soon	sớm	None
say	nói	None
santa	ông già noel	Nan
samioro	có sẵn	Nan
sambia	thiếu niên	Nan
salàyé	đời sống	Nan
salem	salem	None
sakyas	rau mùi	Nan
sakyamuni	tiếp theo	Nan
saheli	tiện	None
safta	xếp hàng	Nan
safiwe	so sánh	Nan
sb	sb	Nan
saffana	sapphire	Nan
saarland	trên sàn	Nan
saaree	cấp trên	Nan
saarc	tẩy	None
rẹ	cô ấy	Nan
ròyìn	báo cáo	Nan
rìn	đi bộ	Nan
ré	c	Nan
république	république	None
ránmú	lo	None
ráhàn	đã xuất hiện	Nan
ryan	ryan	Nan
safari	safari	None
schwarz	schwarz	Nan
sea	biển	None
seat	ghế	None
solomon	solomon	Nan
sohun	đúng	None
so	yêu và quý	Nan
slovo	slovo	Nan
sisupo	nhân	Nan
sisupapoerekusu	sự khạc nhổ	Nan
sisopo	liên kết	Nan
sisodagba	lớn lên	Nan
sise	nấu nướng	Nan
sioux	sioux	Nan
sinsin	tôn giáo	Nan
sinai	tội	None
silè	giọt	None
sile	phía sau	Nan
sihamoni	kết cấu	Nan
sibesibe	chưa	None
sharon	chia sẻ	Nan
sewadi	tìm kiếm	Nan
seville	seville	Nan
sense	giác quan	Nan
senegal	sen	None
semudaju	tất nhiên	Nan
semolara	hen suyễn	Nan
seidamo	thông thoáng	Nan
segbese	có khả năng	Nan
orúko	cánh đồng	Nan
taino	khủng long	Nan
orísìírísi	các loại khác nhau	Nan
orísiirísi	đa dạng	Nan
nombamewa	nhân lên	Nan
nobel	giải thưởng nobel	Nan
nnaji	chú	None
nkàn	ung thư	Nan
nkan	điều	None
niyi	đây rồi	Nan
niye	đủ	None
niyato	phân biệt	Nan
niwaju	phía trước	Nan
nitosi	gần đó	Nan
nitoripe	bởi vì	Nan
nombáméjì	hai cái đầu tiên	Nan
nitoriidieyi	bởi vì điều này	Nan
nilè	đây	None
nijẹr	nike	Nan
nigbà	sau đó	Nan
nigbakan	đôi khi	Nan
nibere	sớm	None
nibe	ở đó	Nan
ngubengcuka	ngubengcuka	Nan
ngbero	đã lên kế hoạch	Nan
nevis	nevis	Nan
neptune	sao hải vương	Nan
nefimu	cháu trai	Nan
nisinyi	hiện nay	Nan
nebraska	n eric	Nan
novo	novo	Nan
nse	thiết kế	Nan
nínlá	tuyệt quá	Nan
nílẹ̀	trên mặt đất	Nan
nílùú	trong thành phố	Nan
nílè	phía dưới	Nan
nígbàtí	khi nào	Nan
nífẹ̀ẹ́	yêu	None
níbè	ở đó	Nan
níbè	ở đó	Nan
ní	có	None
nìyí	đây là nó	Nan
nìnú	lấy làm tiếc	Nan
nri	món ăn	Nan
nì	núi	Nan
náwo	chi phí	Nan
nàìjíríà	ở nigeria	Nan
nwa	đứa bé	Nan
numeri	tê	None
nukleotidipupo	nucleotide	Nan
nukleotidi	nucleotide	Nan
nu	dọn dẹp	Nan
ntoka	điểm	None
nsowikipedia	obowikipedia	Nan
nsolaboraro	bảo vệ	Nan
nso	ở gần	Nan
náà	quá	None
nínu	cơ hội	Nan
ncnc	ncnc	Nan
nawojulo	đánh đố	Nan
munispal	munispal	Nan
mulẹ̀	thành lập	Nan
mughal	âm lượng	Nan
mtwara	chọn lại	Nan
mtn	mtn	Nan
mozilla	mozilla	Nan
mozambique	mozambique	None
morogoro	vận động	Nan
morgan	morgan	None
monrovia	monrovia	Nan
mombasa	mombasa	Nan
muungano	muungano	Nan
mokanlelogbon	ba mươi hai	Nan
mohandas	mohandas	Nan
minority	thiểu số	Nan
minnesota	minnesota	None
mimuwa	bám	None
mimoy	mimoy	Nan
miiràn	dịu đi	Nan
micronesia	micronesia	None
michelle	michelle	Nan
mexico	mexico	Nan
mewar	mewar	Nan
meucci	meucci	Nan
mokaleladota	gọn nhẹ	Nan
nawó	lấy tiền của bạn	Nan
májèmú	đừng bận tâm	Nan
méjèèjì	cả hai	Nan
nato	nato	Nan
nathaniel	nathaniel	Nan
namibia	đến	None
mẹ́talọ́kan	bộ ba	Nan
mẹ́ta	số ba	Nan
mẹ́rkúríù	con chuột	Nan
mẹ́fà	sáu	None
múlẹ̀	giữ chặt	Nan
mó	m	Nan
móra	chữa khỏi	Nan
mókólà	keo dán	Nan
mère	đang vẽ	Nan
mò	hiểu biết	Nan
míìrán	khác	None
míràn	khác	None
mímọ́	thánh	None
ménu	bạn có nghĩ là	Nan
méwàá	mười	Nan
métèètà	thợ mộc	Nan
méta	số ba	Nan
mérìnlélógójì	bốn mươi bốn	Nan
mérìndínlógún	mười sáu	Nan
méte	số năm	Nan
mérindíláàdóta	năm mươi lăm	Nan
mííràn	khác	None
níní	có	None
nípà	ít nhất	Nan
nítorípé	bởi vì	Nan
onítumò	người dịch	Nan
oníná	ngọn lửa	Nan
onílẹ̀	xuống	None
oníkólóbó	mắng nhiếc	Nan
onígbàgbó	ông già	Nan
onka	máy tính	Nan
onje	chế độ ăn	Nan
oniyijulo	tuyệt vời	Nan
oniyewumeji	nhị phân	Nan
onisowo	thương nhân	Nan
onisayensi	kỹ thuật viên	Nan
onítèbọmi	lễ rửa tội	Nan
onipin	hợp lý	Nan
onilile	chủ nhà	Nan
onilanaibagbepo	bao cao su	Nan
onigunfenfe	thụ động	Nan
onigbowo	một nhà tài trợ	Nan
onigbeja	mang tính xây dựng	Nan
onibugbe	người thuê nhà	Nan
onialjebra	trực tràng	Nan
omiadalu	lũ lụt	Nan
omi	nước	None
olùkọ́	giáo viên	Nan
olùkó	người hướng dẫn	Nan
oninawo	người vay	Nan
olùkópa	người đóng góp	Nan
onítòhùn	viên kế toán	Nan
oníyanjù	hoạt hình	Nan
orílẹ́	tối	Nan
orílẹ̀	quốc gia	Nan
orílèèdè	quốc gia	Nan
oríkì	thơ	Nan
oríilẹ̀	bài báo	Nan
oríilè	quốc gia	Nan
oruko	danh từ	Nan
orudnun	hàng năm	Nan
oritameta	ở giữa	Nan
orisa	nguồn gốc	Nan
orisun	nguồn	None
oníwòsàn	người chữa bệnh	Nan
orisirisi	đa dạng	Nan
orileominira	sự ấm áp	Nan
orilejoba	chính quyền	Nan
orileedeajoba	chủ nghĩa đế quốc	Nan
orileede	quốc gia	Nan
oriki	phương đông	Nan
oriire	xin chúc mừng	Nan
ori	cái đầu	Nan
opposite	đối diện	Nan
opec	opec	Nan
ootọ́	thật	None
ooni	cá sấu	Nan
orinìyìn	một bài hát	Nan
olùdarí	một nhà lãnh đạo	Nan
olùbátan	liên hệ này	Nan
olóṣèlú	chính trị gia	Nan
ojùkòsì	lượng mưa	Nan
ojuse	nhiệm vụ	Nan
ojuoorun	hoàng hôn	Nan
ojukokoro	thèm muốn	Nan
ojoru	sự ấm áp	Nan
ojojumo	hằng ngày	Nan
ojo	trông giống như	Nan
ogunlogo	bầy đàn	Nan
ogun	chiến tranh	Nan
ogbè	khu vực	Nan
ofin	luật	None
ojùkòtúu	lượng mưa	Nan
ododo	sự công bình	Nan
obere	nhỏ	None
obairanderan	anh chị em họ	Nan
oba	obama	None
nso	sắp có	Nan
nǹkan	điều	None
níyanjú	tích cực	Nan
níwájú	phía trước	Nan
nítòótọ́	thật	None
nítòótó	chính xác	Nan
nítòsí	gần đó	Nan
nítumò	ý nghĩa	Nan
obínibí	lịch sự	Nan
ojúlùmọ̀	những người quen	Nan
ojútáyé	độ nhớt	Nan
ojúìwé	trang	None
olóyè	cái thước	Nan
olódùmarè	toàn năng	Nan
olympus	olympus	None
oluwakiri	thăm dò	Nan
olusoju	bảo vệ	Nan
oluparapo	sự phối hợp	Nan
olumojuto	tham	None
olukowe	tác giả	Nan
olukoitan	người hướng dẫn	Nan
oludase	nhà sản xuất	Nan
oluda	người sáng tạo	Nan
oloye	thiên tài	Nan
oloselukan	xin chào	Nan
olora	mập	None
olopon	kiêu căng	Nan
ololugbe	kẻ thất bại	Nan
olokunkun	tai nghe	Nan
olojukanna	ngay	None
olohun	những chủ sở hữu	Nan
olodiajodojuko	lẫn nhau	Nan
okunrin	người đàn ông	Nan
okunkun	bóng tối	Nan
oko	cánh đồng	Nan
okhotsk	okshotsk	Nan
okeere	hải ngoại	Nan
orísìí	đa dạng	Nan
tainos	tainos	Nan
takuntakun	những hạn chế	Nan
talaka	nghèo	None
ìràwọ̀	những ngôi sao	Nan
ìrànàna	cứu giúp	Nan
ìrànlọ́wọ́	cứu giúp	Nan
ìpínrò	đoạn văn	Nan
ìpìnlè	sự bắt đầu	Nan
ìpìlẹ̀núkléù	mã hóa	Nan
ìpolongo	quảng cáo	Nan
ìnáwó	chi phí	Nan
ìnagije	chiến thắng	Nan
ìmúsára	tăng cường	Nan
ìmúnilérú	lạm dụng	Nan
ìrí	kinh nghiệm	Nan
ìmú	mũi	None
ìmò	sét đánh	Nan
ìmò	con rắn	Nan
ìlé	trang chủ	Nan
ìlè	hối lộ	Nan
ìlàìnàró	áp bức	Nan
ìlàorùn	bầm tím	Nan
ìlànàn	ảo giác	Nan
ìlà	đề cương	Nan
ìlo	gọi	None
ìlera	sức khỏe	Nan
ìkọpa	sự tham gia	Nan
ìmóbìdo	người sinh ra	Nan
ìkẹrin	thứ tư	Nan
ìròkò	nghĩ	None
ìròyìnwiki	tin tức	Nan
ìtaeko	xưởng	None
ìta	ở ngoài	Nan
ìse	hoạt động	Nan
ìsòro	khó khăn	Nan
ìsílé	trang chủ	Nan
ìsèjoba	chính quyền	Nan
ìsèdá	sự sáng tạo	Nan
ìsègbèfábo	siêng năng	Nan
ìse	hoạt động	Nan
ìsọ	cửa hàng	Nan
ìsú	độ dày	Nan
ìròyìn	tin tức	Nan
ìsòrí	phân khu	Nan
ìsìn	tôn giáo	Nan
ìsèlè	sản xuất	Nan
ìsàlè	hoàng hôn	Nan
ìsomó	tham gia	Nan
ìsirò	phép tính	Nan
ìsinsìnyí	hiện nay	Nan
ìse	hoạt động	Nan
ìsawo	thuật bói toán	Nan
ìrúbo	sự sụp đổ	Nan
ìró	âm thanh	Nan
ìròrùn	ảo giác	Nan
ìsòrò	thiền	None
ìtan	lịch sử	Nan
ìkínin	thứ sáu	Nan
ìkìjà	một thử thách	Nan
ìdá	đào ngũ	Nan
ìdàrúdàpò	sự hỗn loạn	Nan
ìdàpapọ̀	hợp nhất	Nan
ìdàgbà	trưởng thành	Nan
ìbílè	sinh	None
ìbílè	sinh	None
ìbáraeni	xe	None
ìbánisòrò	sự kết nối	Nan
ìbarà	sốt	None
èpón	rất nhiều	Nan
èwù	áo sơ mi	Nan
ìdìmú	xáo trộn	Nan
èsìn	tôn giáo	Nan
èro	suy nghĩ	Nan
èka	hiệu ứng	Nan
èyì	nhân phẩm	Nan
ète	mục đích	Nan
èsúrú	kiến	Nan
èsó	nhà thờ hồi giáo	Nan
èrò	suy nghĩ	Nan
èràn	bệnh	None
ènìkan	một cái gì đó	Nan
èlò	đồ dùng	Nan
èkejì	cai khac	Nan
èrí	chứng cớ	Nan
ìkìlò	lạm dụng	Nan
ìdíisin	nguyên nhân	Nan
ìdó	chích	None
ìkéde	tờ khai	Nan
ìkèrèkú	tắc nghẽn	Nan
ìkànna	giống nhau	Nan
ìkejì	cai khac	Nan
ìjọba	chính quyền	Nan
ìjò	lãnh đạo	Nan
ìjìnlè	huyền bí	Nan
ìjìnlè	huyền bí	Nan
ìjora	ghét	Nan
ìjoba	chính quyền	Nan
ìjo	nhà thờ	Nan
ìdíwòn	lý do của bạn	Nan
ìjo	nhảy	None
ìgbò	ram	None
ìgbésí	đời sống	Nan
ìgbéraga	tự hào	Nan
ìgbáraga	sức mạnh	Nan
ìgbá	cánh	None
ìgbàgbé	đãng trí	Nan
ìgbà	thời gian	Nan
ìgbonnìbí jé	nó làmột thảm họa	Nan
ìfáàrà	một linh mục	Nan
ìfojúìtànìgbesiayé	tiểu sử	Nan
ìfara	tra tấn	Nan
ìhun	bàn là	Nan
ìtokò	cái nồi	Nan
ìtàn	lịch sử	Nan
ìtànkálé	lũ lụt	Nan
ṣàkóbá	có hại	Nan
ṣiṣé	khai mạc	Nan
σ	σ	Nan
κάππα	.α	Nan
ˌæləˈbæmə	ốm	None
ˌkælɪˈfɔrnjə	ɪˈkælɪˈfɔrnjə	Nan
ˈøːstəˌʁaɪç	stəˌʁaɪç	Nan
ʔaːnaːtɕɑ̀k	.aːnaːtɕɑɕɑk	Nan
şe	làm	None
únṣẹlẹ̀	động đất	Nan
ôdún	năm	None
ẹdo	đùa	None
ó	đúng	None
ósírísì	nước bọt	Nan
óníse	anh ấy là một nhà thiết kế	Nan
ó	nó	Nan
òròàjòmó	những buổi sáng	Nan
òrò	suy nghĩ	Nan
òwó	tiền bạc	Nan
òsà	cá vàng	Nan
òrò	suy nghĩ	Nan
òré	trò chơi	Nan
òpòlopo	nhiều	None
òfò	tiếp theo	Nan
ósékú	anh ấy đã chết	Nan
òré	trò chơi	Nan
ẹlẹ́bùn	món quà	Nan
ẹnìkan	một người	Nan
ọ̀pòlòpò	hoạt động	Nan
ọ̀nà	đường	None
ọ̀gbìn	cây	Nan
ọ̀dọ́	thiếu niên	Nan
ọpọ́lọpọ́	quả sung	Nan
ọn	nó	Nan
ọmọ	đứa trẻ	Nan
ọmú	bạn mút	Nan
ọlọ́run	một vị thân	Nan
ọlọ́mọ	bọn trẻ	Nan
ọdún	năm	None
ẹlẹ́sìn	tôn giáo	Nan
ọbàkàn	anh cùng cha khác mẹ	Nan
ẹ̀rọ	máy móc	Nan
ẹ̀ni	who	Nan
ẹ̀kọ́	giáo dục	Nan
ẹ̀kẹ́ta	thứ ba	Nan
ẹ̀kasístẹ̀mù	chủ quan	Nan
ẹ̀kaoṣù	gai góc	Nan
ẹ̀kajuly	có thể	Nan
ẹ̀kabrítánì	chú	None
ẹ̀kaawon	đệ trình	Nan
ẹtì	gan	None
ẹsẹ	đôi chân	Nan
ẹ̀wẹ̀	mặt khác	Nan
òpòlopò	nhiều	None
òkòòkan	từng cái một	Nan
òkan	một	None
òdo	thiếu niên	Nan
òdeojú	vô danh	Nan
òde	ở ngoài	Nan
ìṣọ̣̀tẹ̣̀	viêm phổi	Nan
ìṣẹ́kù	phần còn lại	Nan
ìṣèlú	chính trị	Nan
ìyípadà	chuyển đổi	Nan
ìyàwó	cô dâu	Nan
ìyapa	tách biệt	Nan
ìya	đau khổ	Nan
ìwúlò	hữu ích	Nan
òdìkejì	cai khac	Nan
ìwòran	tầm nhìn	Nan
ìwéré	tập sách	Nan
ìwàásù	rao giảng	Nan
ìwo	sừng	None
ìwe	so sánh	Nan
ìtúpalè	dịch	None
ìtúmò	dịch	None
ìtóka	bị đánh	Nan
ìtójú	nét mặt	Nan
ìtóju	lú lẫn	Nan
ìtójú	quan tâm	Nan
ìtèsíwájú	phát triển	Nan
ìwò	tổng thể	Nan
òféàrán	một tấm ảnh	Nan
ògbójú	có thẩm quyền	Nan
ògiri	tường	None
òjògbón	thời tiết ẩm ướt	Nan
òṣèlú	chính trị	Nan
òwù	vải	None
òsèré	lực sĩ	Nan
òsèlú	chính trị gia	Nan
òsán	không bật	Nan
òrò	óc	None
òrí	chương	None
òrìsà	thần tượng	Nan
òranyàn	bắt buộc	Nan
òpópóònà	đường	None
òotó	sự thật	Nan
òní	hôm nay	Nan
òmùàrán	một tấm ảnh	Nan
òmiràn	phù thủy	Nan
òle	bà nội trợ	Nan
òkúta	một hòn đá	Nan
òkú	xác chết	Nan
òkòòkan	từng cái một	Nan
òkèògbún	một nghìn	Nan
òjísé	bác sĩ	Nan
òjo	trông giống như	Nan
ògúndìpẹ̀	gọn nhẹ	Nan
ògun	thuốc	None
ògo	vinh quang	Nan
èka	chi nhánh	Nan
èhìn	tiếp theo	Nan
èfòn	bẩn quá	Nan
èdè	ngôn ngữ	Nan
visit	chuyến thăm	Nan
viruses	virus	None
villa	biệt thự	Nan
vihara	vihara	Nan
videos	video	Nan
victor	người chiến thắng	Nan
vermont	con sâu	Nan
venezuela	venezuela	Nan
uzbek	cách	None
utc	utc	Nan
utah	ồ	Nan
vz	vz	Nan
usps	sử dụng	Nan
urasílì	uracil	Nan
unla	đúng	None
unifasiti	trường đại học	Nan
umueri	bọn trẻ	Nan
ucb	ucb	Nan
tẹ̀ǹbẹ̀lẹ̀kun	âm mưu	Nan
tẹ̀ǹbẹ̀	sau đó	Nan
túnse	sắp xếp lại	Nan
túmò	mận	None
tú	chảy ra như suối	Nan
tóka	trích dẫn	Nan
uribe	hào quang	Nan
tó	tó	Nan
waa	nó là	Nan
wari	mùi	None
yafran	bảng chữ cái	Nan
xiv	xiv	None
xd	xd	Nan
wọ̀nyí	những	None
wọn	họ	None
wúnrèn	tập thể dục	Nan
wón	họ	None
wònyí	đó là	Nan
wòfún	liếc nhìn	Nan
wípè	trong trẻo	Nan
wì	rửa sạch	Nan
waju	khuôn mặt	Nan
wàásù	thuyết giáo	Nan
wura	vàng	None
won	họ	None
wo	đây	None
wo	đây	None
woo	woo	Nan
wole	đăng nhập	Nan
województwo	cheworddztwo	Nan
wiwari	khám phá	Nan
witkin	witkin	Nan
wisconsin	khôn ngoan	Nan
westminster	phía tây	Nan
wyoming	kết hôn	Nan
tówùú	số lượng bất kỳ	Nan
tókù	nghỉ ngơi	Nan
tódárajùlọ	tốt nhất	Nan
tokyo	tokyo	None
tokasi	chỉ ra	Nan
toje	quý hiếm	Nan
to	đến	None
tiwọn	của họ	Nan
titu	bắn	None
tirè	của anh ấy	Nan
tirana	tirana	Nan
tira	bẩn quá	Nan
thumb|left|upright|nelson	ngón tay cái | trái | thẳng đứng | nelson	Nan
those	những, cái đó	Nan
tolerejulo	được chấp nhận	Nan
they	họ	None
tfrac	tfrac	Nan
terutomo	terutomo	Nan
temptation	tìm kiếm	Nan
tele	theo sát	Nan
teksas	texas	None
tedo	hẹn hò	Nan
technology	công nghệ	Nan
taínos	taínos	Nan
tata	bộ lọc	Nan
tara	chín	None
talika	nghèo nàn	Nan
the	các	None
tolórítelémù	thiêu hủy	Nan
tomé	cà chua	Nan
tooto	có thật không	Nan
tóbi	lớn	None
tò	bộ	None
tíórì	lốp xe	Nan
tíátà	vé	None
títío	cho đến khi	Nan
títèlé	để làm theo	Nan
títi	đóng cửa	Nan
té	t	Nan
télè	bởi	None
té	t	Nan
tèsíwájú	để tiến bộ	Nan
tèlé	ngay	None
tètè	mau	None
tèlé	theo sát	Nan
táawà	cúi đầu chào	Nan
tàwon	họ	None
tàsí	không có	Nan
tuntun	mới	None
tumosi	có nghĩa	Nan
translated	dịch	None
traduite	thương mại	Nan
tounsejanu	bi thảm	Nan
toseluaralu	chính trị	Nan
torun	brunette	Nan
tori	tori	Nan
yakubu	yakub	Nan
metropoli	đô thị	Nan
yan	lựa chọn	Nan
yanturu	nhiều	None
àsìkò	thời gian	Nan
àsèyìn	hậu quả	Nan
àsàjemátèe	bình minh	Nan
àse	tiệc	None
àrẹ	chủ tịch	Nan
àrùn	bệnh	None
àrígbámú	phiền	Nan
àpeere	thí dụ	Nan
àpapọ̀	nói chung	Nan
ànfàní	dịp tốt	Nan
àmúsorò	tâm lý học	Nan
àsótélè	sự mở rộng	Nan
àmúlò	thực dụng	Nan
àmérìkà	siêu nhiên	Nan
àlébù	nhược điểm	Nan
àlèpò	ở trên	Nan
àlè	đồ khốn	Nan
àlááfià	sự giống nhau	Nan
àlàáfíà	sự thanh bình	Nan
àlàyé	thông tin	Nan
àlàkalè	bàn thắng	Nan
àkókó	thời gian	Nan
àkójopò	nhóm	None
àká	những cái kệ	Nan
àmì	ký tên	Nan
àkàrà	bánh	Nan
àsọdọ̀kan	đoàn kết	Nan
àsà	tập quán	Nan
èdè	ngôn ngữ	Nan
èdá	sự sáng tạo	Nan
èbúté	hải cảng	Nan
èbà	muỗi	None
áwon	gian dâm	Nan
án	t	Nan
àìsí	vắng mặt	Nan
àìròtélè	bất ngờ	Nan
àìní	muốn	None
àìkó	sự thiếu hụt	Nan
àáyá	tinh dịch	Nan
àsekúdórógbó	vỏ cây	Nan
àárín	ở giữa	Nan
ààtò	nghi lễ	Nan
àwùjo	xã hội	Nan
àwón	tiền bạc	Nan
àwón	tiền	None
àwon	lý thuyết	Nan
àtẹnudẹ́nu	uống	None
àtúnse	biên tập	Nan
àtúnse	biên tập	Nan
àtòrìnká	vòng về	Nan
àtìpó	người ngoài hành tinh	Nan
àtijo	lỗi thời	Nan
ààyè	sống sót	Nan
àkosílè	luận án	Nan
àkosílè	trừu tượng	Nan
àjọṣepọ̀	xã hội	Nan
yíì	bạn sẽ	Nan
yíyípadà	thay đổi	Nan
yí	quay lại	Nan
yìí	điều này	Nan
yì	đi	None
yée	để họ	Nan
yèwò	nhìn	None
yára	nhanh lên	Nan
yàtò	thiết lập	Nan
yànan	sự kinh ngạc	Nan
yo	yo	Nan
yíò	nó sẽ	Nan
yorúbà	sữa chua	Nan
yori	đã dẫn	Nan
yoo	sẽ	None
yiyafunnilo	xói mòn	Nan
yipada	quay lại	Nan
yiowu	nó sẽ	Nan
yio	sẽ	None
yindinyindin	không bao giờ dừng lại	Nan
ye	vâng	Nan
ye	vâng	Nan
yewo	cải thiện	Nan
yaoundé	yaoundé	Nan
york	york	None
yẹ̀ẹ́	bạn biết	Nan
yọ	tẩy	None
zanzibar centralsouth	zanzibar centralsouth	Nan
àjákọ	riêng biệt	Nan
àjo	du lịch	Nan
àifète	mục đích	Nan
àgọ́	cái lều	Nan
àgbùdo	sân	None
àgbìgbò	khu vực lân cận	Nan
àgbéyèwò	ôn tập	Nan
àgbékà	trừu tượng	Nan
àgbáríjọ	cơ quan	Nan
àgbàrá	lũ lụt	Nan
àgbàjọ	ông già	Nan
àdóolóró	dầu	None
àdáátán	độc quyền	Nan
àdátá	mặt đối diện, sự đối nghịch	Nan
àdámò	riêng tư	Nan
àbọ̀	một nửa	Nan
àbìkú	sự bất tử	Nan
àbáyo	gợi ý	Nan
àbámẹ́ta	thứ năm	Nan
àbe	khỉ đầu chó	Nan
 bce	xa	Nan
zy	zy	Nan
zscores	zscores	Nan
zou	zou	Nan
zdna	zdna	Nan
yanjú	giải quyết	Nan
methodologies	phương pháp luận	Nan
merin	bốn	None
mercosur	thủy ngân	Nan
díè	bẩn quá	Nan
dìtẹ̀	âm mưu	Nan
dìró	phía bên phải	Nan
dìde	nảy sinh	Nan
dì	tấm	None
dépò	đến mức	Nan
délànà	về nguyên tắc	Nan
dé	đã đến	Nan
dáwó	tặng	None
dásà	một chiếc áo choàng	Nan
dáradára	tốt	None
dóko	tốt	None
dálóríi	cảm ơn bạn	Nan
dágbó	tuổi già	Nan
dá	tạo	None
dàpò	thay thế chúng	Nan
dàbíi	như thế này	Nan
dun	ngon	None
due	do	None
du	du	None
dover	dover	None
doublestrand	đôi	None
doublehelix	doublercix	Nan
dote	cống hiến	Nan
dájó	ổn thỏa	Nan
doni	doni	Nan
dólà	tốt	None
dúró	đứng	None
eléré	lực sĩ	Nan
eléde	trừu tượng	Nan
elláda	sự sáng tạo	Nan
eleyii	như thế này	Nan
eleyi	điều này	Nan
elede	lợn	None
eko	giáo dục	Nan
ekeji	cai khac	Nan
eka	phức tạp	Nan
eighteen	mười tám	Nan
egbògi	y khoa	Nan
dún	âm thanh	Nan
egbò	một vết thương	Nan
egbo	một vết thương	Nan
egberundun	một nghìn năm	Nan
egbe	súng	None
egba	chắc chắn rồi	Nan
efrem	hiệu ứng	Nan
ede	ngôn ngữ	Nan
ecomog	sinh thái	Nan
ebi	gia đình	Nan
eba	eba	Nan
ea	đúng	None
dọ́gba	công bằng	Nan
egbé	khốn	None
elòmírà	rong biển	Nan
dominic	thống trị	Nan
doju	mặt đối mặt	Nan
clear	thông thoáng	Nan
cipollone	cipollone	Nan
china	trung quốc	Nan
cherished	ấp ủ	Nan
chebbi	suy nghĩ	Nan
chaskalson	chaskalson	Nan
charles	xe ngựa	Nan
chamorro	chamorro	Nan
cbc	cbc	None
cauchy	cauch	Nan
catherine	cinda	Nan
code	mã	None
cathedral	thánh đường	Nan
casablanca	casifer	Nan
cape	áo choàng	Nan
canaria	canaria	Nan
calabar	kẹo cao su	Nan
cairo	cơn thịnh nộ	Nan
bẹ́ẹ̀sìni	đúng	None
bẹ́ẹ̀ni	đúng	None
bẹ́ljíọ̀m	beryl	Nan
bẹ́	đã phá vỡ	Nan
bẹ̀rẹ̀	để bắt đầu	Nan
búrú	dũng cảm	Nan
caslon	sòng bạc	Nan
dojú	mặt đối mặt	Nan
coetsee	đồng quản trị	Nan
coming	sắp tới	Nan
divoire	chia sẻ	Nan
dinwoju	tra cứu	Nan
din	chiên	None
different	khác nhau	Nan
didasile	thành lập	Nan
didagba	bình đẳng	Nan
development	phát triển	Nan
desmond	hạnh nhân	Nan
describes	mô tả	Nan
des	des	None
denver	từ chối	Nan
coloured	màu sắc rực rỡ	Nan
delhi	đừng	None
daru	hủy hoại	Nan
darapo	tham gia	Nan
dani	giữ	None
dandan	bắt buộc	Nan
dagbasoke	lớn lên	Nan
da	và	None
cunha	họng	None
ct	ct	Nan
csto	csto	Nan
computers	máy tính	Nan
compared	so	None
dates	ngày	None
elòmíràn	khác	None
emerging	mới nổi	Nan
emmanuel	emmanuel	Nan
gbaná	bắn ra	Nan
gbale	phổ biến	Nan
gbajúgbujà	rất nổi tiếng	Nan
gba	đồng ý	Nan
galatia	thời gian này	Nan
fẹ́rẹ̀ẹ́	hầu hết	Nan
fòye	hiểu biết	Nan
fífún	cho	Nan
fífò	bay	None
fégbé	quên đi	Nan
fé	yêu	None
gbe	mang	None
fé	fé	Nan
funra	chinh no	Nan
fun	cho	Nan
fulbe	điểm tựa	Nan
fulani	hèn nhát	Nan
fuji	tẩy	None
freetown	freetown	Nan
fransi	người pháp	Nan
francis	francis	None
fracmv	fracmv	Nan
fowó	vì tiền	Nan
fowobowe	đặt trước	Nan
further	thêm nữa	Nan
fourbase	bốn cơ sở	Nan
gbera	tiến lên	Nan
gbese	món nợ	Nan
geneva	geneva	Nan
geesi	tiếng anh	Nan
gbọ́dọ̀	phải	None
gbúnùn	ngửi thử đi	Nan
gbónmisi	pháp luật	Nan
gbódò	phải	None
gbìyànju	cố gắng hết sức	Nan
gbìnyànjú	thử	None
gbésè	phục vụ	Nan
gbéyèwò	ôn tập	Nan
gbéni	trực tiếp	Nan
gberasoke	tăng tốc	Nan
gbékalè	thợ mộc	Nan
gbé	trực tiếp	Nan
gbáradì	thức dậy	Nan
gbá	đập vỡ	Nan
gbàgùrà	lắc	None
gbàgbọ́	tin	None
gbongbo	nguồn gốc	Nan
gbogbogbo	chung	None
gbin	trồng	None
gbilè	thoát ra	Nan
gbigbewo	tài chính	Nan
gbigbamulo	khai thác	Nan
gbédìí	thành lập	Nan
foriko	ví dụ	Nan
force	lực lượng	Nan
foniimu	phim ảnh	Nan
eyonomba	eyonomba	Nan
eyin	trứng	None
eya	thể loại	Nan
example	thí dụ	Nan
ewì	thơ	Nan
ewé	lá cây	Nan
ewe	lá cây	Nan
euroasia	đồng euro	Nan
euro	euro	None
etíòkun	bờ biển	Nan
etymologiae	từ nguyên	Nan
eléja	đánh bắt cá	Nan
etisalat	etaluat	Nan
esia	đang đến	Nan
eseese	biểu đồ	Nan
eréonítàn	từ viết tắt	Nan
erékùsù	đảo	None
erofo	trầm tích	Nan
ernst	ernst	Nan
epa	đậu phụng	Nan
eníbá	sốt	None
enì	con voi	Nan
enter	đi vào	Nan
enikéni	tất cả mọi người	Nan
esteri	esteri	Nan
elòmíràn	một người nào khác	Nan
eka	hiệu ứng	Nan
eléyàmèyà	dân tộc	Nan
fohùn	kêu la	Nan
fofinde	cấm	None
fodio	fodio	Nan
five	số năm	Nan
fitino	thử nghiệm	Nan
finlandi	phần lan	Nan
finiki	vật lý	Nan
fimú	được định nghĩa rõ ràng	Nan
fihan	chỉ ra	Nan
fifihan	hiển thị	Nan
fi	tiết kiệm	Nan
fe	muốn	None
fesèmúlè	nguồn tạm thời	Nan
ferde	ferde	Nan
felifeli	nhung	Nan
farsi	nghệ nhân	Nan
faranse	người pháp	Nan
faramó	tuân thủ	Nan
fan	quạt	None
fail	thất bại	Nan
fagile	hủy bỏ	Nan
ewà	hạnh kiểm	Nan
esè	tiền thu được	Nan
esin	tôn giáo	Nan
enu	mồm	Nan
búburú	xấu	None
bòtswánà	xe buýt	Nan
béè	chỉ như thế	Nan
bèrẹ̀	đầu tiên là	Nan
alawose	thuật bói toán	Nan
alalaye	đất	None
alakobere	người mới	Nan
alakitiyan	nhà hoạt động	Nan
alaini	túng thiếu	Nan
alaigbara	không thể cưỡng lại	Nan
alaidogba	mất cân bằng	Nan
aladanida	bất kỳ	Nan
aladani	riêng tư	Nan
aladaani	riêng tư	Nan
alaafin	bất hợp pháp	Nan
albany	albany	Nan
alaafia	sự thanh bình	Nan
alaabo	tàn tật	Nan
ala	xuống	None
akẹ́kọ̀ọ́	sinh viên	Nan
akíngbógun	tiểu đoàn	Nan
akíkanjú	dũng cảm	Nan
akátá	chó rừng	Nan
akopo	biên soạn	Nan
akopa	đầu tiên và quan trọng nhất	Nan
akoni	chúng tôi không có	Nan
akole	chúng tôi không thể	Nan
akokolo	giai đoạn = stage	Nan
alaadanida	không mong muốn	Nan
akinpelu	pháo binh	Nan
albert	albert	None
alicia	alicia	Nan
anc	anc	Nan
anabi	nhà tiên tri	Nan
an	một	None
améríkà	người mỹ	Nan
améríkà	người mỹ	Nan
amosi	nhà thờ hồi giáo	Nan
amojeoyipada	chuyển đổi	Nan
amerika	mỹ	None
americas	mỹ	None
amazonas	amazon	None
alọ́po	ví tiền	Nan
alexandra	alexandra	None
alúwo	bùng nổ	Nan
aláyèwò	thanh tra	Nan
alátise	họa sĩ	Nan
alápapò	thay thế	Nan
alákọ̀bẹ̀rẹ̀	người khởi xướng	Nan
alumíníọ̀mù	nhôm	None
alumoni	chữa bệnh	Nan
alukuraani	koran	None
alubàbá	bố	None
alpha	alpha	Nan
alominira	sự độc lập	Nan
allāh	tất cả	Nan
aláísàn	đau ốm	Nan
akiidah	coridah	Nan
ajọra	bản sao	Nan
ajoro	du lịch	Nan
adiokan	đơn độc	Nan
adeda	thiên nhiên	Nan
addis	nghiện	None
adarihunrun	sạch hơn	Nan
adabaye	được rồi	Nan
adaba	tiện lợi	Nan
accra	accra	Nan
abúléko	làng	None
abínibí	quốc tịch	Nan
abé	cây kim	Nan
abálájo	có kinh nghiệm	Nan
adágbà	đàn anh	Nan
aburunmu	gớm ghiếc của chúng tôi	Nan
abidjan	không bao giờ	Nan
abidi	bảng chữ cái	Nan
abesahara	rắc	None
abeorile	về nhà	Nan
abeikojopo	người thừa kế	Nan
abala	phần	None
aawe	tê liệt	Nan
aare	aare	Nan
aapon	aapon	Nan
aanu	thương hại	Nan
aala	biên giới	Nan
abo	giống cái	Nan
adúgbò kútò	hàng xóm trên đường	Nan
adúgbò mókóla	niêm mạc	Nan
adúgbò quarry	mỏ đá hàng xóm	Nan
ajo	du lịch	Nan
ajibola	chương trình nghị sự	Nan
ajemoroyin	thẩm vấn	Nan
aje	nên kinh tê	Nan
ajagun	con chó	Nan
aisi	thiếu sót	Nan
aintimulo	aintimulo	Nan
agio	khóc	None
agbéiná	lính cứu hỏa	Nan
agbára	quyền lực	Nan
agbàbò	bảo vệ	Nan
agbà	một người trưởng thành	Nan
agbeinadie	đất nông nghiệp	Nan
agbaye	thế giới	Nan
agbara	quyền lực	Nan
agbado	bắp	None
agba	sơn	None
aféfé	cối xay gió	Nan
africans	người châu phi	Nan
african	người châu phi	Nan
africa	châu phi	Nan
afoyemo	tóm tắc	Nan
afomo	ví dụ	Nan
afida	gia đình	Nan
adúgbò ìdí	lý do khu phố	Nan
andaman	và con người	Nan
genevieve	genevease	Nan
angkor	thiên thần	Nan
anschluss	anschluss	Nan
benin	băng ghế	Nan
bengali	bengali	Nan
bengal	bengal	Nan
belgium	nước bỉ	Nan
belarus	belarus	Nan
beijing	bắc kinh	Nan
beauharnais	beauharnais	Nan
bce	xa	None
bayìí	hiện nay	Nan
bayi	hiện nay	Nan
bayelsa	bayelsa	Nan
berber	berber	None
bauxitealumina	bauxitealumina	Nan
banle	ban	None
bang	bang	None
balẹ̀	để cho anh ta được	Nan
bahrain	bahrain	None
babaláwo	nhà tiên tri	Nan
baa	là	None
aṣòkan	cá nhân	Nan
azikiwe	lẽ thường	Nan
ayò	ay	Nan
ayàfi	nó ổn	Nan
ayeye	vĩnh cửu	Nan
bara	năm ngoái	Nan
aya	thơ	Nan
berlin	berlin	Nan
bharat	bharat	Nan
báyìí	hiện nay	Nan
bárakú	nghiện	None
bálè	quả bóng bay	Nan
bákannáà	cũng	None
bàbá	người cha	Nan
by	bởi	None
burúkú	tà ác	Nan
bujumbura	mở rộng	Nan
buenaventura	buenaventura	Nan
bu	đó là	Nan
brítánì	người anh	Nan
bernstein	bernstein	Nan
britain	người anh	Nan
brazzaville	brazzaville	Nan
brasil	áo lót	Nan
bolívar	bolívar	Nan
bolt	chớp	None
bole	thân cây	Nan
bojú	hãy xem	Nan
bodies	cơ thể	Nan
black	đen	None
biribiri	đã bị nghiền nát	Nan
bibeli	kinh thánh	Nan
bharata	quay lại	Nan
bridgeport	cầu nối	Nan
awújẹ	vụ bê bối	Nan
awùjo	lịch sự	Nan
awuruju	huyền diệu	Nan
arábíà	bảng chữ cái	Nan
aráa	anh trai	Nan
aryan	người aryan	Nan
arun	bệnh	None
aruleyin	xin chào	Nan
aroko	thảm thực vật	Nan
arkansas	ark kansas	Nan
ariwaguusu	tây nam	Nan
ariwaarin	trung đông	Nan
ariso	aris	Nan
arinkankan	cái này	Nan
aráròmí	xin chào	Nan
aralíle	nhiệt đới	Nan
apẹ̀rè	tạp dề	Nan
apòmù	tạp dề	Nan
apis	apis	Nan
apeere	ví dụ	Nan
apeja	ngư dân	Nan
aparapo	sự phối hợp	Nan
apaiwoorun	miền tây	Nan
apailaorun	bình minh	Nan
apaguusuiwoorun	tây nam	Nan
apaguusuilaorun	tây nam	Nan
apagusu	phía nam	Nan
arabu	ả rập	Nan
arópò	hối lộ	Nan
arúgbó	tuổi già	Nan
arọ	què	Nan
awon	họ	None
awoòn	bản mẫu	Nan
awonara	cảm xúc	Nan
awo	đĩa	None
awari	khám phá	Nan
avar	avar	None
austríà	châu úc	Nan
austronesian	người úc	Nan
austriahumgary	austriahum tổng	Nan
australia	châu úc	Nan
atunse	điều chỉnh	Nan
atun	tua lại	Nan
atinrin	cười	None
atimo	kế hoạch	Nan
atigba	được chấp nhận	Nan
atanna	nguyên tử	Nan
atangbona	nguyên tử	Nan
asèdá	tự nhiên	Nan
asìko	vô lý	Nan
assessment	thẩm định, lượng định, đánh giá	Nan
asipa	sai lệch	Nan
aseyori	sự thành công	Nan
aseeto	giải quyết	Nan
ascii	tìm ra	Nan
asagun	chiến thắng	Nan
anita	anita	Nan
ọ̀rọ̀	nói chuyện	Nan
georgia	georgia	Nan
gfaj	gfaj	Nan
kòjòkú	mưa	None
kírísìtì	giáng sinh	Nan
kínu	hôn	None
kíkọ́	học	None
kíko	học tập	Nan
kí	chào	None
kìnní	đầu tiên	Nan
kéyìn	một lát sau	Nan
kémíkà	ngược lại	Nan
kétu	được chuẩn bị	Nan
kékéèké	nhỏ	None
kòkó	con chuột	Nan
kéesì	nực cười	Nan
kánádà	tất nhiên	Nan
kánfinkése	khéo léo	Nan
ká	của	None
kàyéfì	ngạc nhiên	Nan
kàríbẹ́ánì	trong khu vực	Nan
kwara	giải quyết	Nan
ku	bạn	Nan
krio	krio	Nan
kori	không còn nữa	Nan
ko	không	None
koko	học tập	Nan
káyé	thế giới	Nan
koto	mồi	None
kòmpútà	máy vi tính	Nan
kòòsí	không phải vậy	Nan
labalaba	bươm bướm	Nan
laarin	trong	None
laaka	đảo ngược	Nan
laada	đá	None
laa	đi chỗ khác	Nan
kọ́ni	thiếu	None
kọ́lọ́mú	cột	None
kọ́kọ́	đầu tiên	Nan
kọ̀mpútà	máy vi tính	Nan
kọjá	vượt qua	Nan
kẹ́nyà	tách biệt	Nan
kòtò	một hố	Nan
kẹta	ngày thứ ba	Nan
kẹrin	thứ tư	Nan
kúùkù	ngược lại	Nan
kútò	mọi điều	Nan
kúrò	xa	None
kúkúrú	một cách ngắn gọn	Nan
kúkú	sau tất cả	Nan
kùrání	kinh koran	Nan
kùkú	sau tất cả	Nan
kóra	tụ họp	Nan
kógo	vinh quang	Nan
kòòkan	mỗi cái	Nan
kẹsàán	ngay lập tức	Nan
labee	bên dưới	Nan
kookan	điều này	Nan
kong	kong	None
kampala	kẹp	None
kalẹ	để qua một bên	Nan
kalinga	cinga	Nan
kakiri	dấu vết	Nan
kagera	khoe khoang	Nan
kadara	tài sản	Nan
jọ́	xin vui lòng	Nan
jẹ́mánì	tiếng đức	Nan
jùló	nhiều nhất	Nan
jùlo	đặc biệt	Nan
jùlo	nhiều hơn	Nan
kan	một	None
jíjéomoléyìnkírísítì	như một nhà từ thiện	Nan
jíje	được	None
jìnnàa	xa	None
jéésù	chúa giêsu	Nan
jé	đến	None
jáde	đi ra	Nan
jàgídíjàgan	hung bạo	Nan
juneau	sân khấu	Nan
jo	john	Nan
jopò	tham gia vào	Nan
jojo	nứt	None
johanu	lấy làm tiếc	Nan
jíjuwó	kiếm tiền	Nan
kongo	bao cao su	Nan
kankan	không ai	Nan
karbonumarun	thecentricane	Nan
komputa	máy vi tính	Nan
kolo	kolo	Nan
kojá	vượt qua	Nan
koidu	koidu	Nan
kodò	phía dưới	Nan
ko	hoặc là	Nan
kinkinni	chuyện nhỏ	Nan
kilhar	nách	None
kikuninu	tưởng tượng	Nan
kiko	học tập	Nan
kikoso	nhanh	None
kanlè	kanal	Nan
kikopomo	sự ấm áp	Nan
kiko	đưa	None
kiakiajulo	nhanh nhất	Nan
ki	cũng vậy	Nan
khoisan	kém hơn	Nan
kept	đã giữ	Nan
keko	biết đọc	Nan
kekere	nhỏ	None
kebbi	điều chỉnh	Nan
karùún	thứ năm	Nan
karun	thứ năm	Nan
karl	karl	Nan
kikojo	biên soạn	Nan
lade	lade	Nan
laid	đặt	Nan
laifi	lỗi	Nan
mahatma	mahatma	Nan
madeira	beira	Nan
maapu	bản đồ	Nan
lọ́jà	trên thị trường	Nan
lọ́dọọdún	hàng năm	Nan
lọndọnu	london	None
lórò	ngày mai	Nan
lónà	trên đường	Nan
ló	tôi	None
lóòótọ́	thật	None
lóòótò	đúng	None
makedonia	ma-rốc	Nan
lóti	nhiều	None
lórì	hải cảng	Nan
lópó	góa phụ	Nan
lópez	nipez	Nan
lóde	ở ngoài	Nan
lítésò	chua cay	Nan
lísa	sự tăng tốc	Nan
lílo	khai thác	Nan
lérú	chế độ nô lệ	Nan
léyìn	một lát sau	Nan
léyin	sau đó	Nan
lérò	lý do	Nan
lóríba	kết thúc	Nan
lérìnín	tuyết	None
malabo	mật ong	Nan
malayopolynesian	malayopolynesian	Nan
member	hội viên	Nan
melo	bao nhiêu	Nan
meksiko	mexico	Nan
mejila	mười hai	Nan
mejidinlogbon	hai mươi tám	Nan
mefeefa	xem xét lại	Nan
mediteraneani	địa trung hải	Nan
means	có nghĩa	Nan
mbabane	tiêu cực	Nan
maya	không	None
max	tối đa	Nan
malay	giả định	Nan
mathimatiki	toán học	Nan
matheu	toán	None
maseru	ghen tị	Nan
maryland	maryland	None
mars	sao hoả	Nan
marku	thời gian này	Nan
march	tháng ba	Nan
marcellus	marcellus	Nan
manˈdeːla	manˈdelala	Nan
mango	trái xoài	Nan
mali	ngày	None
malaysia	malaysia	None
mathiew	toán	None
léebá	tình cờ	Nan
lédè	trong ngôn ngữ	Nan
lèyìn	sau đó	Nan
links	liên kết	Nan
linear	tuyến tính	Nan
lindi	dung dịch kiềm	Nan
lilongwe	hoa cà	Nan
lilemo	cần sa	Nan
lilelile	khó tính	Nan
leè	có thể	Nan
leyi	đây rồi	Nan
lewon	phạt tù	Nan
lewaju	trở đi	Nan
less	ít hơn	Nan
lodo	diễn ra	Nan
lese	bài đăng	Nan
lekun	tăng cường	Nan
leboa	bảng	None
le	có thể	Nan
lay	đặt nằm	Nan
latvia	latvia	None
latini	latin	Nan
latigbana	kể từ đó	Nan
latibe	từ đó	Nan
lasile	giải phóng	Nan
lanka	lanka	None
languages	ngôn ngữ	Nan
leo	sư tử	Nan
lojowaju	trong tương lai	Nan
lojukokoro	tham	None
lojúgun	anh ta tàn phá	Nan
lèe	có thể	Nan
láíláí	không bao giờ	Nan
láì	không có	Nan
lárúbáwá	tự nhiên	Nan
lára	đau	None
lápá	phần	None
lámọ́di	vận may	Nan
láké	to tiếng	Nan
láimo	không có	Nan
láfún	được	None
lábé	cân nặng	Nan
lààmì	dấu hiệu	Nan
lààmi	ký tên	Nan
làgba	công bằng	Nan
lynton	lynton	Nan
luther	luther	None
luanda	luanda	Nan
lo	đi tiếp	Nan
low	thấp	None
lovers	người yêu	Nan
louvre	bảo tàng	Nan
loruko	tên	None
lopolopo	rất nhiều	Nan
loloselu	về mặt chính trị	Nan
lokunkun	năng lượng	Nan
johann	địa ngục	Nan
jogun	thừa hưởng	Nan
jo	rò rỉ	Nan
jiròrò	sương mù	Nan
ifitonileti	thông tin	Nan
ifilole	phóng	None
ifija	đánh bắt cá	Nan
idánwò	thử nghiệm	Nan
idupe	cảm ơn bạn	Nan
idoma	đang vẽ	Nan
idimule	bắt giữ	Nan
ideraa	viết	None
idari	điều khiển	Nan
idamita	vẽ tranh	Nan
idajo	sự công bằng	Nan
ifobaje	tham nhũng	Nan
idaji	một nửa	Nan
idagbasoke	phát triển	Nan
iceland	nước iceland	Nan
ibùjókòó	chỗ ngồi	Nan
ibùdó	trại	None
ibuso	chiến đấu	Nan
ibuseripadabosi	hoàn trả	Nan
ibujoko	băng ghế	Nan
ibori	mạng che mặt	Nan
ibojì	mộ	None
ibn	ibn	Nan
ibiti	nơi	None
idagbe	bỏ mặc	Nan
ibise	tập thể dục	Nan
ifofinde	hội nghị	Nan
igbeduro	sự chuẩn bị	Nan
iketa	kế thừa	Nan
ikerin	thứ tư	Nan
ikeko	biên soạn	Nan
ikejidinlogun	mười tám	Nan
ikaowo	sự tôn trọng	Nan
ikandinlogun	mười tám	Nan
ikan	một	None
ijó	khiêu vũ	Nan
ijosin	thờ cúng	Nan
ijinnasi	vật lý	Nan
ije	phong trào	Nan
ifriqiya	kích thích	Nan
ijaya	hoảng loạn	Nan
ijagun	đánh nhau	Nan
ihinrere	sách phúc âm	Nan
ihan	xuất hiện	Nan
igitòròmogbè	băng thông rộng	Nan
igbáẹ̀yìn	cái cuối cùng	Nan
igbá	thịt gà	Nan
igbowolori	đắt	None
igbeyawo	lễ cưới	Nan
igbesoke	nâng cấp	Nan
igberiko	ngoại ô	Nan
igbegun	chiến thắng	Nan
ijakadi	đấu tranh	Nan
ibimo	sinh	None
ibile	truyên thông	Nan
ibiamusin	thánh địa	Nan
gún	xỏ	Nan
gòkè	đi lên	Nan
gírámà	lưới	None
gégé	có thật không	Nan
gèésì	đá quý	Nan
gèésì	keo dán	Nan
gv	gv	Nan
guusu	miền nam	Nan
gunle	súng	None
gun	dài	None
guinébissau	guinébissau	Nan
gúúsù	miền nam	Nan
guineabissau	guinablesissau	Nan
guanínì	guanni	Nan
groove	rãnh	None
griiki	người hy lạp	Nan
grammy	ngữ pháp	Nan
gquadruplex	gquadruplex	Nan
gorgina	đại bàng	Nan
gomina	thống đốc	Nan
goemai	goemai	Nan
gidí	nhà ở	Nan
gidigidi	rất	None
ghana	ghana	None
guinea	chuột lang	Nan
gẹ̀ẹ́sì	tiếng anh	Nan
habsburg	habsburg	None
haggai	hướng dẫn	Nan
ibewo	đã đến	Nan
ibeji	anh em sinh đôi	Nan
ibarepo	hiệp hội	Nan
ibalo	công việc	Nan
hv	hv	Nan
hungari	chết đói	Nan
hun	hun	None
hugh	hugh	Nan
hp	hp	None
hosea	hosea	Nan
hominidae	hominidae	Nan
histoni	lịch sử	Nan
hindu	hindu	Nan
him	anh ta	Nan
hesse	đã đồng ý	Nan
heraklion	heraklion	Nan
henny	xu	None
hendu	kẹo	None
heinrich	heinrich	None
hawaii	hawaii	Nan
hausafulani	hausafulani	Nan
haughton	haughton	Nan
hard	cứng	None
halomonadaceae	halomonadaceae	Nan
haiti	haiti	Nan
ikoenu	để tiết kiệm	Nan
german	tiếng đức	Nan
ikojopo	tích lũy	Nan
iku	tử vong	Nan
itumo	ý nghĩa	Nan
itu	ném	None
itorawo	tự do	Nan
itokowo	kinh doanh	Nan
itobi	khoe khoang	Nan
itiraka	đấu tranh	Nan
itelentele	rõ ràng	Nan
itanakole	câu chuyện	Nan
itali	người ý	Nan
isè	dịch vụ	Nan
isesi	đầu hàng	Nan
iwadi	nghiên cứu	Nan
isun	lưu lượng	Nan
iso	đến	None
isepinpin	phân phối	Nan
iseowo	kinh doanh	Nan
iseoroayeijoun	khảo cổ học	Nan
iseoba	mười lăm	Nan
isejoba	quản trị	Nan
iseero	đồng hồ đeo tay	Nan
isedaniloro	tự nghi ngờ	Nan
isare	sự tăng tốc	Nan
isa	đủ	None
irúnmọlẹ̀	sét đánh	Nan
isoponomba	isoponomba	Nan
irò	tin đồn	Nan
iwasi	gây ấn tượng	Nan
iwoile	trang chủ	Nan
jijinna	xa	None
jije	được	None
jfk	jfk	Nan
jesu	chúa	None
jeometri	hình học	Nan
jeffrey	jeffrey	None
jawaharlal	xích đu	Nan
jamo	đi chỗ khác	Nan
jamaica	youtube	None
jalè	trộm cắp	Nan
jagbe	bị lạc	Nan
iwifun	thông tin	Nan
jadide	giữ lấy	Nan
jabo	báo cáo	Nan
iṣẹ́ìwádìí	nghiên cứu	Nan
iḷẹ̀	công việc	Nan
iyán	lung linh	Nan
iyen	đó là	Nan
iyawo	cô dâu	Nan
iyato	sự khác biệt	Nan
iyan	nạn đói	Nan
iwuwa	thực hành	Nan
iwulo	hữu ích	Nan
iwosan	đang lành lại	Nan
jackson	jackson	None
irorun	rất đơn giản	Nan
irisi	xuất hiện	Nan
iringa	gói (lại	Nan
ilẹ̀ayé	trái đất	Nan
ilẹ	đất	None
iléńlá	sân	None
iléàtèéré	trang chủ	Nan
ilélódò	ngôi nhà	Nan
iléisé	trang chủ	Nan
iléayé	trang chủ	Nan
ilé	trang chủ	Nan
iluorilejoba	toàn cầu hóa	Nan
iluoba	quyền công dân	Nan
ilopo	gấp đôi	Nan
iminle	bắt giữ	Nan
ileru	lò lửa	Nan
ileigbimo	bằng lòng	Nan
ileife	bỏ mặc	Nan
ilegiga	trang chủ	Nan
ileasofin	lập pháp	Nan
ilaorun	bình minh	Nan
ilaodo	bảo vệ	Nan
ilanaoye	chiến lược	Nan
ilana	thủ tục	Nan
ilagbolojo	công khai	Nan
ikún	đổ đầy	Nan
ikúgbaèyí	hiện nay	Nan
ileobaluaye	thế giới	Nan
imoero	làm sáng	Nan
imojuto	quan tâm	Nan
imusin	vẽ tranh	Nan
irele	khiêm tốn	Nan
ire	giảm giá	Nan
iranlose	hỗ trợ	Nan
iraja	gây sốc	Nan
ipá	lực lượng	Nan
ipo	vị trí	Nan
ipinu	phán quyết	Nan
ipinpa	sự tham gia	Nan
ipin	chương	None
ipele	cấp độ	Nan
ipawo	sử dụng	Nan
ipare	phai màu	Nan
iowa	trên trái đất	Nan
ioniani	túng thiếu	Nan
ioja	cá	Nan
inúnibíni	áp bức	Nan
iní	di sản	Nan
inágbéringbérin	mười bảy	Nan
integration	hội nhập	Nan
inkosi	để biện minh	Nan
indus	indus	Nan
indeed	thật	None
inagberingberi	bơ đậu phộng	Nan
imúnisìn	vệ sinh	Nan
imú	mũi	None
ikoreokere	thu hoạch	Nan
ọ̀sẹ	tuần	None
